blockstate	assets/connectedglass/blockstates/borderless_glass.json	88	0522a00c2cb071b684c5664f6118c1be96d211da787a78f399cab932caea822a
blockstate	assets/connectedglass/blockstates/borderless_glass_black.json	94	7dd127387beafb639794bb20fffcd863feec13a14692318ce3cd3ab55167d85e
blockstate	assets/connectedglass/blockstates/borderless_glass_black_pane.json	1467	afbffac545572f4c0d0df8165082265f046c876642a9ef331b17cce66b0c52b6
blockstate	assets/connectedglass/blockstates/borderless_glass_blue.json	93	29a62b794cdb7af912063f35de00154895c52c379cfae0111b6dfe027b9dae00
blockstate	assets/connectedglass/blockstates/borderless_glass_blue_pane.json	1458	e07caf332730c8efb33fd00973db40a2a51f586805a8f5e99ca8844f0a8e1451
blockstate	assets/connectedglass/blockstates/borderless_glass_brown.json	94	df4ace80d1e9d8f291a4d7c3e5be9b9d3cc96d583f49f2120a6165f674fdedc8
blockstate	assets/connectedglass/blockstates/borderless_glass_brown_pane.json	1467	cc679fc3b795271a5974320337181270e61ca87fcf3f50b4cdc00987bdb4d24f
blockstate	assets/connectedglass/blockstates/borderless_glass_cyan.json	93	90b13b5be4802b0b2e980dbe148d6ff9f9312dd8d41ffc27744c94504cf70b0b
blockstate	assets/connectedglass/blockstates/borderless_glass_cyan_pane.json	1458	a5144565f7847ad766697a700d1603a8a4c4b11722755d7dbdd792ff81cbbe87
blockstate	assets/connectedglass/blockstates/borderless_glass_gray.json	93	bc3333ee5b02d3427e89a3bf7464d9f27a19e63bd8dab9d59a5cd73fcee4bdf0
blockstate	assets/connectedglass/blockstates/borderless_glass_gray_pane.json	1458	4f2d94ccd356259f80adcee7b9df88fb76e6d4a99a48ed63b909a862dca2b468
blockstate	assets/connectedglass/blockstates/borderless_glass_green.json	94	70d4ef273869379991f1cd0c1e23b5fa851bfc1277ee767681a470237e5f06bf
blockstate	assets/connectedglass/blockstates/borderless_glass_green_pane.json	1467	20815d947cab9c21ae6afd21592121f79fdf0ba3eb2b5357d37bd16253474385
blockstate	assets/connectedglass/blockstates/borderless_glass_light_blue.json	99	81e775084a0a783ef59fa4ea6a8d05c084d142523c7def640baae0e7f58a32af
blockstate	assets/connectedglass/blockstates/borderless_glass_light_blue_pane.json	1512	cb2c8fb6264e4382887ba4ad471eed73d991f6af08fb3b71e5e656f6ae3ab0cb
blockstate	assets/connectedglass/blockstates/borderless_glass_light_gray.json	99	ec37f48dcde3e568442bf25db1c55c74c3b14f1908c7788fbda48757f8b2ef25
blockstate	assets/connectedglass/blockstates/borderless_glass_light_gray_pane.json	1512	2a304bef5ed1a86f189495adce44363a124d3845e7b402f2b9d650ac44805b75
blockstate	assets/connectedglass/blockstates/borderless_glass_lime.json	93	843936f5d9782e9a38016d09d022ea8dd9ce65eec1e2d1d8ab9e8e37425e6e40
blockstate	assets/connectedglass/blockstates/borderless_glass_lime_pane.json	1458	42bc426dff98627c1370e213fa464596221cc9bd5e12fbafe4a8d87710539b16
blockstate	assets/connectedglass/blockstates/borderless_glass_magenta.json	96	4e706aa2dd70f69579558b156098c9dbcabf4f6e5947f5aa7fdc1991e4c03a70
blockstate	assets/connectedglass/blockstates/borderless_glass_magenta_pane.json	1485	58dd878f1ac48dee197d58ec5d315024497da419c9fca1c0da1e2d98a43a801b
blockstate	assets/connectedglass/blockstates/borderless_glass_orange.json	95	1487a2f734f58cbc4cbf938279b437ec1f759d8840366a4ca0ec06b1c6c5d8a9
blockstate	assets/connectedglass/blockstates/borderless_glass_orange_pane.json	1476	bd11fed9fe368e3a269697817600e1abb598ce67462fe363b303841d55df8df7
blockstate	assets/connectedglass/blockstates/borderless_glass_pane.json	1413	2cfdc4dd96137d5faa624388c5670e88d8b5ac5b0b0359504035583dc78af447
blockstate	assets/connectedglass/blockstates/borderless_glass_pink.json	93	78e0174d604995f3644cce99b10678a11b31c6ccd879b00d3b2977992a722504
blockstate	assets/connectedglass/blockstates/borderless_glass_pink_pane.json	1458	8ec9efe4750471255b4a115b0953195c7b9213776ce9bcf2367034861b50133e
blockstate	assets/connectedglass/blockstates/borderless_glass_purple.json	95	3fbe52143da807fb677e95ae2438ed810ee2455a0acbb42b621514f8a7464d2e
blockstate	assets/connectedglass/blockstates/borderless_glass_purple_pane.json	1476	a8495248a7c35a546e15e8927b15e7f72403294afb5745ae5e5f3540f6042715
blockstate	assets/connectedglass/blockstates/borderless_glass_red.json	92	eec6dd1d9c78d47ecac0ccbec0a3d2da17b9f1fa09519ec5767fadf6ef4c5362
blockstate	assets/connectedglass/blockstates/borderless_glass_red_pane.json	1449	7190a92368abfcb931cf88d8428885aaa04af51d8b9b6ca1b43ff034fa293d03
blockstate	assets/connectedglass/blockstates/borderless_glass_white.json	94	b585803cb935ad43813bcb6e4154a4c8e24c5e197d505d790187f05bd5c4f9f3
blockstate	assets/connectedglass/blockstates/borderless_glass_white_pane.json	1467	85813b0f9f267dab684f9a7073741c34ce3414f0b20d9cff691898e0aee7376a
blockstate	assets/connectedglass/blockstates/borderless_glass_yellow.json	95	4bacfbcf13ae1fa5619d8a55fb15474b2c4107e66137188dd33fa82d46d93965
blockstate	assets/connectedglass/blockstates/borderless_glass_yellow_pane.json	1476	cf324b788c50450f16a9dc8707dbe3cb41af6986c616dc41df59af18d8ccf514
blockstate	assets/connectedglass/blockstates/clear_glass.json	83	e2fc9afdf92e085b58eba272033b3ca4dbad6a67e0b99eeb7d1cb7fd6c8948d1
blockstate	assets/connectedglass/blockstates/clear_glass_black.json	89	4b1cd006655c38de6ea9e21b87e758f1c07e26bbaea76a215a43383faa1a201c
blockstate	assets/connectedglass/blockstates/clear_glass_black_pane.json	1422	ebffc943ee47cf488b54fd0ca6e887e10bb039ed9faf209a5e9d3275837b593e
blockstate	assets/connectedglass/blockstates/clear_glass_blue.json	88	b7b03d84c7a7a163ab0e3fabfd4bfb49d65e0a0445e6536eb0469db560a34be0
blockstate	assets/connectedglass/blockstates/clear_glass_blue_pane.json	1413	63c05611d3ae81c9e0ea4823f0f47dd473387572fe69eec495ab08a96a0d325a
blockstate	assets/connectedglass/blockstates/clear_glass_brown.json	89	e705cca699812edec59d4241fd793630d9fe98a4730b895c8c8ae73b8f55d244
blockstate	assets/connectedglass/blockstates/clear_glass_brown_pane.json	1422	556b947603a6503aa07ee9ead7f1ffefc908bfecdfb091701565380a7b8cd721
blockstate	assets/connectedglass/blockstates/clear_glass_cyan.json	88	2779fbba4aa9d8f3510f12a947df0f7b284fbeaa163dbd1babbb80db79048474
blockstate	assets/connectedglass/blockstates/clear_glass_cyan_pane.json	1413	ed47b941c35ef19c2aad4c739f0c5ee350e3236090e725344ac31e16716c5997
blockstate	assets/connectedglass/blockstates/clear_glass_gray.json	88	2238bb0ca8df8b6a7ea8c67e494f176b15f98b9a5549188558068e620fbdfc46
blockstate	assets/connectedglass/blockstates/clear_glass_gray_pane.json	1413	4138e4326ecd66568307d21c55d15ca19d4bc57de9e2c24228b54501cdbfeaad
blockstate	assets/connectedglass/blockstates/clear_glass_green.json	89	56a41fd6a25995ffda7857cfe8cf826e04fed9cc0e2e7e63eca7cf60664c4634
blockstate	assets/connectedglass/blockstates/clear_glass_green_pane.json	1422	0feddc291e869f4145b18e71a407ad72181170e1477d5bad5597da46af8fc0e8
blockstate	assets/connectedglass/blockstates/clear_glass_light_blue.json	94	7ac8f391550c951c206d2e1bca503dbaacf88ba2c126f2b2e4a208fad4a32d75
blockstate	assets/connectedglass/blockstates/clear_glass_light_blue_pane.json	1467	c48adc92a1ab6216492ad9ce2ca90ec35683d3814851f207248f4ce3dc7abf66
blockstate	assets/connectedglass/blockstates/clear_glass_light_gray.json	94	922977b17fe546dc847f83776af00e3edaf8c2ab45c006829f6c2e593ec05a4a
blockstate	assets/connectedglass/blockstates/clear_glass_light_gray_pane.json	1467	7b4b70f4df1e84497a3d7abdc4c627e2004f65c93f7226f11fa160e81d2e05d0
blockstate	assets/connectedglass/blockstates/clear_glass_lime.json	88	35c2182e381f2376a60fd6d3d357a816a0268002802e998a7f627bcad9f642c3
blockstate	assets/connectedglass/blockstates/clear_glass_lime_pane.json	1413	ce6478f1402c62f1da5cc5ff58710a3999dc35aef42bdf65a892482a0fa491bb
blockstate	assets/connectedglass/blockstates/clear_glass_magenta.json	91	6052ef6bb179c979e6bf6252e55856ccf70a4a8f5839a84a70cddf749230f647
blockstate	assets/connectedglass/blockstates/clear_glass_magenta_pane.json	1440	6d8308fcbd2bc652a739733af09664f4e2b97f71772d77060f780b7ff2984b26
blockstate	assets/connectedglass/blockstates/clear_glass_orange.json	90	bad532dbd9417caea3bcfc939f4a93283da10340f9c19d36f9fbf66d9c199f1d
blockstate	assets/connectedglass/blockstates/clear_glass_orange_pane.json	1431	9bc790df6f40e15220c66393ed02fba8bc8af1ba9b0dfd0490367223541242e0
blockstate	assets/connectedglass/blockstates/clear_glass_pane.json	1368	c45ed824b183ea550081d8701ecea283bd68f1a1a8449556a9575c460f2bb9a7
blockstate	assets/connectedglass/blockstates/clear_glass_pink.json	88	c2c407ab3376c6ee833020b09c8a6ef446fa0acccb6306a4802c833522231bd2
blockstate	assets/connectedglass/blockstates/clear_glass_pink_pane.json	1413	9ec4c2b6f3dcde06ba665336618a679b5208f5399f0bc3d36572244fb175e03a
blockstate	assets/connectedglass/blockstates/clear_glass_purple.json	90	432d1bf259d0dddc4c5248badc0ecc3610a9cd09668d511581bd6bffbf2f189d
blockstate	assets/connectedglass/blockstates/clear_glass_purple_pane.json	1431	8bd12e8245e20c833c9ac05f83f2a7eb868fc51fcb56849881f19093bc0c75a3
blockstate	assets/connectedglass/blockstates/clear_glass_red.json	87	24fc129f9c22da57e362fb3ff0bf6d404ea0882e3d8b0b42d05ea1ac5d92cfab
blockstate	assets/connectedglass/blockstates/clear_glass_red_pane.json	1404	d848a566f52c7c35f56c7e4e9d75136be363d29c3a23a3b9f2a989f69023b4e3
blockstate	assets/connectedglass/blockstates/clear_glass_white.json	89	ae4531fa06b199fedf9aecaef27633c71dc4a7c820e8235a17e87d61bcc88a0c
blockstate	assets/connectedglass/blockstates/clear_glass_white_pane.json	1422	a53122ca70ba64e58717e08455339c8695692778c91c2ff00e4687ed966d5771
blockstate	assets/connectedglass/blockstates/clear_glass_yellow.json	90	cbb935305d4c2cca04234920ae14b1278e77bc87ceae330727f3a817d289ca2b
blockstate	assets/connectedglass/blockstates/clear_glass_yellow_pane.json	1431	703ad54a52933992765aaf9fc6fd6d605d741005780bed3f36106cbe932e1de8
blockstate	assets/connectedglass/blockstates/scratched_glass.json	87	86e624ebca87b0eacf6331d986d1610adbc2572af0e6d2d28bc5063671465a82
blockstate	assets/connectedglass/blockstates/scratched_glass_black.json	93	32602d52195892240080c653f655af8ef4b1d9667eb1202d87ee270d81848c2d
blockstate	assets/connectedglass/blockstates/scratched_glass_black_pane.json	1458	b67c65c4052e7b7d3c2c26733c5010c6b889198dc0543f5bbcdfcbe65908c241
blockstate	assets/connectedglass/blockstates/scratched_glass_blue.json	92	f9c85e0cf190d89ec76ed17c6bc4f47ee76ae85ffe895ab30e37506aedcef3a3
blockstate	assets/connectedglass/blockstates/scratched_glass_blue_pane.json	1449	8df609040dc83af59dc3355e144dec609a76aae57b3ee258f54023cd6cf37de4
blockstate	assets/connectedglass/blockstates/scratched_glass_brown.json	93	5cb80f9d892cb1e1016ff5fa25923f9ff4659c1a6478bb4ed5a49e926d5c6d36
blockstate	assets/connectedglass/blockstates/scratched_glass_brown_pane.json	1458	15fe4f0fec656c62d0e58fd141034ae3340ee95139c0a961bd37cc001006e669
blockstate	assets/connectedglass/blockstates/scratched_glass_cyan.json	92	1e4dc9d9cf35285f039595ee8fdd4c5286125e97740ace63e752633406d69ad1
blockstate	assets/connectedglass/blockstates/scratched_glass_cyan_pane.json	1449	f8a86250127e4b0d2b0764d1d476acaad272eb72ba8fc2b5d3e9298fb80aeb11
blockstate	assets/connectedglass/blockstates/scratched_glass_gray.json	92	798d917e36e369530f474d9be95b9dee7f74f2f431d8dfaaefa4100a6fbc430e
blockstate	assets/connectedglass/blockstates/scratched_glass_gray_pane.json	1449	3e77eee3a5b847dff54f8d2bef7868195b8e3146216743bb480a3a6af0f522d4
blockstate	assets/connectedglass/blockstates/scratched_glass_green.json	93	d280a7da61befc9bb61283b8fe191ad5343ddb8658b3d4433f1a43c402e5c92f
blockstate	assets/connectedglass/blockstates/scratched_glass_green_pane.json	1458	36df5ea06e7f80110aff267366d725720392b4738e12a7968f094f85e57d79e6
blockstate	assets/connectedglass/blockstates/scratched_glass_light_blue.json	98	f651b523a6e0ed48534bf95a3d8137a49c9900616298c2a3019b49ad1528945d
blockstate	assets/connectedglass/blockstates/scratched_glass_light_blue_pane.json	1503	33c3b4647c5682b6e431802b24e756e4591f3c0214fadc3e73b824a074cfa254
blockstate	assets/connectedglass/blockstates/scratched_glass_light_gray.json	98	5c4598ed21a0005a984ce957ac75b39494f619cb6ca76e3f24e2d2a6f3af0cf2
blockstate	assets/connectedglass/blockstates/scratched_glass_light_gray_pane.json	1503	222dc9c2e96c19b1678cfc5809e2d9a9bbe87e9ae8f61a83c561434bd1460a5c
blockstate	assets/connectedglass/blockstates/scratched_glass_lime.json	92	aa531f674396e24eed3c85d066870ab3bb7800fa7850288bafdd990da975a923
blockstate	assets/connectedglass/blockstates/scratched_glass_lime_pane.json	1449	cc20e2d602bcfa29f960382b40d80996eb9a2f2fb0c954c15f1a431ec0c1ba64
blockstate	assets/connectedglass/blockstates/scratched_glass_magenta.json	95	d434caeb86e0d77e8ab05a0b6df8420f276c5b559489318081ec28cb8b4aa898
blockstate	assets/connectedglass/blockstates/scratched_glass_magenta_pane.json	1476	2374b7fff68a1133d9b8304fc8920d2593b6b14f1f6744f893fa8dc3316fa0d1
blockstate	assets/connectedglass/blockstates/scratched_glass_orange.json	94	2d8a20fb5595a4f8c9293be2bf7c58b0a9db70c75681e2ba2bd55534b52083f5
blockstate	assets/connectedglass/blockstates/scratched_glass_orange_pane.json	1467	d087c73b0793b99e3bb81c26fa68fe90a81777ffb4f89dc383f05ccc180e9381
blockstate	assets/connectedglass/blockstates/scratched_glass_pane.json	1404	5122e3e45862d2cbe1a81e6531e82b10f9639f57bfd39daff08ca9a9930cf4de
blockstate	assets/connectedglass/blockstates/scratched_glass_pink.json	92	62799b2500a4396ef291f678f712a16d138a3f67eac719a07097f11e3d4828e3
blockstate	assets/connectedglass/blockstates/scratched_glass_pink_pane.json	1449	dc8b532d9d457d60f254e2831373fe34b3cad9bf7f9d57bc2baf22bd4ca47a9c
blockstate	assets/connectedglass/blockstates/scratched_glass_purple.json	94	f0b5a12f6f98c8bda96d3fec4adc429cc6f5fd16b5d2cb0815135027d3d5515b
blockstate	assets/connectedglass/blockstates/scratched_glass_purple_pane.json	1467	92300cd5d010db49d803e00a2a530606088e68750c7ebff0eeadf69f095ce1d6
blockstate	assets/connectedglass/blockstates/scratched_glass_red.json	91	17f16f9cefc39c40f35eaa8de3e55ef9e62495fe92d41d4de0a63e790e10da46
blockstate	assets/connectedglass/blockstates/scratched_glass_red_pane.json	1440	21d696b3c4a4b9ce5c9895ee67a0c403cc11099042e9b69670737fb5cd0b140c
blockstate	assets/connectedglass/blockstates/scratched_glass_white.json	93	b2546659af1810c9c71a70dbcc12161e0234908cffd36cf624bef64a5a5a977c
blockstate	assets/connectedglass/blockstates/scratched_glass_white_pane.json	1458	1fad02f3a2b3f027e00b1db35a330fb7162ee1161b29b967d3277c26247b75b2
blockstate	assets/connectedglass/blockstates/scratched_glass_yellow.json	94	78cd4f3b9bfa44eb36f31ccaea3526dedf8c1ab07f3cb786841b214bc8c7d1f6
blockstate	assets/connectedglass/blockstates/scratched_glass_yellow_pane.json	1467	7e7d56976b6a16c4424071e3fd9b61a35033da6cc82d7867579174baabffc164
blockstate	assets/connectedglass/blockstates/tinted_borderless_glass.json	95	c9fb79438d0de99799e168dfe88b717c88017ffde6f36cc041404350ba66b599
blockstate	assets/connectedglass/blockstates/tinted_borderless_glass_black.json	101	856da5471f426c162a8fc270fbd0109aa3d2a665e872a8ec5379448b1e0ceaca
blockstate	assets/connectedglass/blockstates/tinted_borderless_glass_blue.json	100	23061b18d871a60f8af37f14a7593bea0f89916f5810d6e7a94170a3ea42e387
blockstate	assets/connectedglass/blockstates/tinted_borderless_glass_brown.json	101	7f693dfd8abe7060126fcaf9e609fb6bffa8216cb02a4427d6f56ac9b7510fe0
blockstate	assets/connectedglass/blockstates/tinted_borderless_glass_cyan.json	100	e5522a4c0a634dc1fd12c54fd3d65affbff3cd8e975a7606d9f043c8946c5fe1
blockstate	assets/connectedglass/blockstates/tinted_borderless_glass_gray.json	100	99279053442453fcb4d69a0e404c964961a69084485253da65b1d75e9ac6931f
blockstate	assets/connectedglass/blockstates/tinted_borderless_glass_green.json	101	426336e7bfcc515f65ae959c5f2c106dc45dafb41883ec22b54ce6f9c328987b
blockstate	assets/connectedglass/blockstates/tinted_borderless_glass_light_blue.json	106	d080ac291ef00c07883b034ad2dc829fbcb053741b24341abc2c6aec72b2d390
blockstate	assets/connectedglass/blockstates/tinted_borderless_glass_light_gray.json	106	d0c59fd4b649e83eaf30ff957064cc1a550869c908e8d6fd0bc0474ba058c950
blockstate	assets/connectedglass/blockstates/tinted_borderless_glass_lime.json	100	4d1388a57749e7b2e7a9b41628078772973662d1960470cba650bcd752526849
blockstate	assets/connectedglass/blockstates/tinted_borderless_glass_magenta.json	103	d452018f0bd966e7ad3d72e6d48471627f196630f8df8dd605863529f345ea97
blockstate	assets/connectedglass/blockstates/tinted_borderless_glass_orange.json	102	29b6c3d71b445e4528163a45aef664307b0e31879b0adaf69e50c45d846708e0
blockstate	assets/connectedglass/blockstates/tinted_borderless_glass_pink.json	100	8653feb68f7e2e1faee42c254c7e60fb385302e4a0f2ff614117658471de5c01
blockstate	assets/connectedglass/blockstates/tinted_borderless_glass_purple.json	102	fe023716ccb563f6b56caf1b93d1a645c45ecfeba03f233b0c965938ff292ad8
blockstate	assets/connectedglass/blockstates/tinted_borderless_glass_red.json	99	2c3be9d7e6f7a739258ac4eda64d1dfea7a14c512607717363cc1186dfde9c00
blockstate	assets/connectedglass/blockstates/tinted_borderless_glass_white.json	101	27861f93ecba1638597fb0c4bfb8478b18fc90a1ebeee90e9abe002e0322c07d
blockstate	assets/connectedglass/blockstates/tinted_borderless_glass_yellow.json	102	b5b6280a16762d786608dd44e9ba22ec8897d5833aacb05b1877b775911f7d7a
modifier	assets/connectedglass/fusion/model_modifiers/blocks/pane_culling_fix.json	2503	79a07e566ab5c62e34bcb0f61345174cda2a50652c1a75a5c3d61cd53113ca2b
model	assets/connectedglass/models/block/template_glass_pane_noside.json	286	0619ac91214bed2156db9d75dcd3edafdf3920c68f5f8c9aee06928de4e13355
model	assets/connectedglass/models/block/template_glass_pane_noside_alt.json	285	7c829ce158a789f0799d61d994807a47a93c0c506a01d7df170ffcb3b94e50a4
model	assets/connectedglass/models/block/template_glass_pane_post.json	386	be809baa234c64e082f15127f122dcdb671a57f0d07a4d85fa3336d0d47a7cce
model	assets/connectedglass/models/block/template_glass_pane_side.json	557	9f3233c1a40f908eae1fa1ab7b3117f3bccf19ed4cd293103b2febe629e4e79a
model	assets/connectedglass/models/block/template_glass_pane_side_alt.json	558	08a9a54caa0f10a4a2ddf8d70a0a9e50f9521f59c414f79f4077800b35eadb18
model	assets/connectedglass/models/borderless_glass.json	184	29333e3cdafb0531434ce50c908c9932d423b48c5948ba8075b8953561abcefa
model	assets/connectedglass/models/borderless_glass_black.json	190	97777e38c468d9ecc013b0dde3f9f63480bf084277c9d59ebb34c21d91ccd76a
model	assets/connectedglass/models/borderless_glass_black_pane_noside.json	419	50a5f6bb45cdd148f82d0282e395b00c31f3235edd79c3b92008d8abdf96011d
model	assets/connectedglass/models/borderless_glass_black_pane_noside_alt.json	423	50a663dcd9186497a357a2169e8240d9641a22253f842734886c11b6bddde7e9
model	assets/connectedglass/models/borderless_glass_black_pane_post.json	417	31da49b36f853834f00f502908a838bb57326fba108888fdcf13351b0bd43271
model	assets/connectedglass/models/borderless_glass_black_pane_side_east.json	945	fd94a40b1b4c9a413fa4fa09cfa7e429fd112a3f4c518a99d9670f761a29cf21
model	assets/connectedglass/models/borderless_glass_black_pane_side_north.json	946	a8638be29e8c8ba44a401915ce3d58ca57d5f022394a1cde3e016bcf68a0fbc3
model	assets/connectedglass/models/borderless_glass_black_pane_side_south.json	950	784d4fef6075182307b6ae9152bfe62c1adee6b98ccd58ee22971581837a43bf
model	assets/connectedglass/models/borderless_glass_black_pane_side_west.json	949	0f2df293d90b3c8afb6a6b6731647c89295e821318d724a72de17687ea6b08fb
model	assets/connectedglass/models/borderless_glass_blue.json	189	30c5edbb6c68413a21c410f8f2f6feec9e3afb75ebc8f7f017b801264c100aff
model	assets/connectedglass/models/borderless_glass_blue_pane_noside.json	417	8f4c6def517f2e48f20f9a3b99e2ac2ad0f4611971fda82cecbb1c986a545305
model	assets/connectedglass/models/borderless_glass_blue_pane_noside_alt.json	421	bffa1982ce8ae973e4d392dc3350d9f999c5d0e43427f23cd28ec770fa2dd293
model	assets/connectedglass/models/borderless_glass_blue_pane_post.json	415	4a40fd5baf4b3f68057b362f9f61427c1ff7c8ea14affd3222f3527bae64f956
model	assets/connectedglass/models/borderless_glass_blue_pane_side_east.json	942	a783dd766871fa054e129e647ffbfe6fc7416e3c6944a8db4ca7cd228304ce5b
model	assets/connectedglass/models/borderless_glass_blue_pane_side_north.json	943	5af24aca875232778dfd4b5e97737a7548f47b871593a32c7cd32aef63b99ad9
model	assets/connectedglass/models/borderless_glass_blue_pane_side_south.json	947	678ec6a804330e7746125e245e1333157c3c96fd1070725dba74c31fe08198a8
model	assets/connectedglass/models/borderless_glass_blue_pane_side_west.json	946	21d155da91588f6dd4fe5fc9b47b5cae1c0680c232d256f64edae1e117c66d66
model	assets/connectedglass/models/borderless_glass_brown.json	190	c531970b3c78cc05186f7328b91477dc6f9d2d00ab48b1a6938e093908a4dd38
model	assets/connectedglass/models/borderless_glass_brown_pane_noside.json	419	bf1631496260e64f97cee768f7a844b52ccd06949ac2335676dae84fbd1bfeab
model	assets/connectedglass/models/borderless_glass_brown_pane_noside_alt.json	423	4f86bbceb768cc337b485fcc7402028cab24bd34e3092d8a2c340495a893443a
model	assets/connectedglass/models/borderless_glass_brown_pane_post.json	417	f48f13791c3f05aa84bdf87d952a33b8895735841e956eaa6b4032533358bf79
model	assets/connectedglass/models/borderless_glass_brown_pane_side_east.json	945	972793378e93276c714060189055dce2d46ba21918b0a91319aa7e1f37e3fdc2
model	assets/connectedglass/models/borderless_glass_brown_pane_side_north.json	946	2eb2fde78eb79d33b8cd96aaa1f0668852b5a14eddd767e3163bb4764c35093d
model	assets/connectedglass/models/borderless_glass_brown_pane_side_south.json	950	c3cb0c64d5a82b5d1aef84b6b374347b1690cff7f06b604b6063db52e820973a
model	assets/connectedglass/models/borderless_glass_brown_pane_side_west.json	949	6ecc894c2c339ece0bdbd2b9f61f11c2f9f66618a09cac22c17bc6e23281f3eb
model	assets/connectedglass/models/borderless_glass_cyan.json	189	504c61a4adfee75388cb6ddf869d73387431c7940e65e3dd7f599797472c0fd9
model	assets/connectedglass/models/borderless_glass_cyan_pane_noside.json	417	047771cb4b7d26926fd1a6db8345720be75e7f7ca92d4bd3179d300b78b30ad0
model	assets/connectedglass/models/borderless_glass_cyan_pane_noside_alt.json	421	ea54b660063fb1bf53438a6db4628acabf380df4983fe381d78848de48ea9e55
model	assets/connectedglass/models/borderless_glass_cyan_pane_post.json	415	265733aff57860285757ca07f03afede1bade1d00aa3a24ec750f9eb54353b55
model	assets/connectedglass/models/borderless_glass_cyan_pane_side_east.json	942	affb511a6b74fcae37e9cae7a5630fe2ad5c6aecd09acc3ad8a2884cae5e30bf
model	assets/connectedglass/models/borderless_glass_cyan_pane_side_north.json	943	52b39815faad91112a5de40f5874e16e18cddb363d7c80ab2e680cc95fa2a7ca
model	assets/connectedglass/models/borderless_glass_cyan_pane_side_south.json	947	aee6513e385682d40b43540567c5d19e51f841a73cfca3a39da4c166a3d7cea7
model	assets/connectedglass/models/borderless_glass_cyan_pane_side_west.json	946	a048439564464992d7dba8f86f091842b04bfb111257a0407e8279c3224dab94
model	assets/connectedglass/models/borderless_glass_gray.json	189	1a0aac4cb97aade5701a25ae0203ddeb43becec23c83bf5619f4f6aad526ed05
model	assets/connectedglass/models/borderless_glass_gray_pane_noside.json	417	00393446d5caddef0c3bf563f9eb1d1f532e00349b70dc3dc4ea888726210d5d
model	assets/connectedglass/models/borderless_glass_gray_pane_noside_alt.json	421	c541c004783635cf7c235d59389659f3ddfc3993780ff9c41831b3dd69e46cce
model	assets/connectedglass/models/borderless_glass_gray_pane_post.json	415	60600209520d39491708021f4e01580090ec16170b7f77a538d2a429da449fd3
model	assets/connectedglass/models/borderless_glass_gray_pane_side_east.json	942	d94ecbaf897c8e911a671ebd67177398c5d9f530696027d99fb63eb29fad5438
model	assets/connectedglass/models/borderless_glass_gray_pane_side_north.json	943	42da0eeb3d9da14b5cd630a14dc06af9dbd167269ace077cc09e89d83cab1ce3
model	assets/connectedglass/models/borderless_glass_gray_pane_side_south.json	947	6d8f4c5f25e575d87f5eda48f5f1b049612b72b3992e0e99e55fda9885153b1d
model	assets/connectedglass/models/borderless_glass_gray_pane_side_west.json	946	5d96a4f5f8600df2b9280fe99600f43764982bedc81eef4e67f89216864b6389
model	assets/connectedglass/models/borderless_glass_green.json	190	87e611ff3d970b33d81d4dc28c35dbea00eb1c709fe13234973e7406cc484317
model	assets/connectedglass/models/borderless_glass_green_pane_noside.json	419	f51d1a48c1a8cc06723045dab9cd3302f0a50c166706060eeaa441a217138a0f
model	assets/connectedglass/models/borderless_glass_green_pane_noside_alt.json	423	65ab074409dd4d65b737377542057b1a4bf015616ee213525f41a332372416f7
model	assets/connectedglass/models/borderless_glass_green_pane_post.json	417	e3e457b2cd9253f10c0c566ee90d95cf8acd217de65fd4a5cbb9696c89f1c179
model	assets/connectedglass/models/borderless_glass_green_pane_side_east.json	945	59f74646958f3e3f20ecaf68bbe43e038e28a561083f54b35abc9b535db1a339
model	assets/connectedglass/models/borderless_glass_green_pane_side_north.json	946	69cf1fce9a0ecad3ac68c9f0c3cc74bdaf7cd79fbd1a62ea01791e32876d9e63
model	assets/connectedglass/models/borderless_glass_green_pane_side_south.json	950	065fc86d38a6b22df32484d0f075d99677761241ea3b5f48929a74e418bc684a
model	assets/connectedglass/models/borderless_glass_green_pane_side_west.json	949	5dd0644dd1718f145b384885c3be7076cd11b0d47255df2a25aa4714b78aac0f
model	assets/connectedglass/models/borderless_glass_light_blue.json	195	cb84e8ea5c60d16e92e329a5ba077969f2b603c09f1df45325a29b672553c006
model	assets/connectedglass/models/borderless_glass_light_blue_pane_noside.json	429	e4f66df9b5ed7f3443d46eb09544c015547309e6b1b5c6b874a6f1ca6adffca1
model	assets/connectedglass/models/borderless_glass_light_blue_pane_noside_alt.json	433	8ddb282f88155c30e8a090d3acfe94e842960968d4174bfa355f644e6e6eb985
model	assets/connectedglass/models/borderless_glass_light_blue_pane_post.json	427	f40606e5d40100d2fb37a356c9544f650d24826e0abffbf9b94eebeac113d9bc
model	assets/connectedglass/models/borderless_glass_light_blue_pane_side_east.json	960	3e072edb20f9a82121880d4a61db3544ebb4b7d0694125fe9a72ff455eb89aff
model	assets/connectedglass/models/borderless_glass_light_blue_pane_side_north.json	961	d994e9471118c6c891f4804c46445a7abadfe5857b90eb1231f28025c38dc56b
model	assets/connectedglass/models/borderless_glass_light_blue_pane_side_south.json	965	f817d0b4f86dff8b479f78d2734124576c6c1274bcff2245119b20452e8a4172
model	assets/connectedglass/models/borderless_glass_light_blue_pane_side_west.json	964	d8f8c81232cd45666e2ac9642b0fe0b5bdc1eda0a8bf63376e1644d7e6ccda28
model	assets/connectedglass/models/borderless_glass_light_gray.json	195	fb076347a25278aa528b875c3fe672374a55f0c1cf4c2087237e4d74168c9333
model	assets/connectedglass/models/borderless_glass_light_gray_pane_noside.json	429	cf4ea529bc7ca994b634b71c45c2a5ef42b5668e08d19465ff787c9998117edc
model	assets/connectedglass/models/borderless_glass_light_gray_pane_noside_alt.json	433	e962e0f33eb81de3161b2b9a0987578397a33aa01ff0caab6a3b4e9f28ecfc93
model	assets/connectedglass/models/borderless_glass_light_gray_pane_post.json	427	79628ce02b7906c8bab4655bb12ec70541198e7c43e0a32bed1fb4ab92256f49
model	assets/connectedglass/models/borderless_glass_light_gray_pane_side_east.json	960	6e2a94b598ac84af9687202e8225bbf3eab1953c2d9de60bd518078e0f4f245e
model	assets/connectedglass/models/borderless_glass_light_gray_pane_side_north.json	961	6db4d1265eb97b8f5bbb8ad5f626bc8873ef213a70fe10d71fd219490fd5b33e
model	assets/connectedglass/models/borderless_glass_light_gray_pane_side_south.json	965	b74c28668437808003ffca34e6d178d9e70c16bfe3f2dce9261db1ef5d419ddb
model	assets/connectedglass/models/borderless_glass_light_gray_pane_side_west.json	964	6d176809c851e2117c688181bec8e8a2fa6474aa9cd4e4a6336cc3e9add04cf5
model	assets/connectedglass/models/borderless_glass_lime.json	189	1f8dffe609d6ef4cceac24313ce1eee6feb4a15324556d4950aa9197f255ccce
model	assets/connectedglass/models/borderless_glass_lime_pane_noside.json	417	2fb279dbbaf630b16a989bd06f6d080622b2aeb1a117ee75104f49e95be2a1ff
model	assets/connectedglass/models/borderless_glass_lime_pane_noside_alt.json	421	b916186d6b797535c68cd4cd5fd4cf8d3d9efba402ffeb631fcf206a35f8777b
model	assets/connectedglass/models/borderless_glass_lime_pane_post.json	415	6122dfcb7538d58b936c64e2d999fe266a91494c62c667d7f0dae10ab08656f0
model	assets/connectedglass/models/borderless_glass_lime_pane_side_east.json	942	963c74f02aeb863fdee1131771fd2930be0b9d0fd46d049e40a5a1bcd6ab29f1
model	assets/connectedglass/models/borderless_glass_lime_pane_side_north.json	943	7ae4afadaf0f25f74ecbbf9b7ceaaf60b95a67ba5caeedb00607c67e426c2fe4
model	assets/connectedglass/models/borderless_glass_lime_pane_side_south.json	947	7654323ffb77c41988ecf3f654665221042fbe2e7c8f28974a60da852a3ec3c5
model	assets/connectedglass/models/borderless_glass_lime_pane_side_west.json	946	06e61a50d3f04cf41139fb4ff30aabb2faf8f42f0bc52b68fe25dec2e9b192d0
model	assets/connectedglass/models/borderless_glass_magenta.json	192	8259ad2cc3d928dc21ea3e00c71bfbdf70d56d6fd280ffa0d79dc482f8717389
model	assets/connectedglass/models/borderless_glass_magenta_pane_noside.json	423	673fb558fbac4394ef25d57eb33c85a2087199ea0d1e17be3b89df5bb6b5b5e8
model	assets/connectedglass/models/borderless_glass_magenta_pane_noside_alt.json	427	06476c1d0c225ddd653bfd1ba0b4e2a524e1a37bfdd81d69c5c8cbf32112d864
model	assets/connectedglass/models/borderless_glass_magenta_pane_post.json	421	f7965d00b74dab818a857e49e5fbd732c01c037adc92a6b75b9cb11783b949fc
model	assets/connectedglass/models/borderless_glass_magenta_pane_side_east.json	951	a2ee2243298612d38636fcd314f7430773711cb28bbd68e09fdb88bad00a283a
model	assets/connectedglass/models/borderless_glass_magenta_pane_side_north.json	952	61606ffd6db863a9567528aab557441d5bbc1e893bcf5917a5035c289ef3a097
model	assets/connectedglass/models/borderless_glass_magenta_pane_side_south.json	956	32dd4ae05943dad2a1f3af6c7c2e9d86ce6d9f3a89ac8796116ef1811e746656
model	assets/connectedglass/models/borderless_glass_magenta_pane_side_west.json	955	bdcdfb032375ab78926c3d45f91802b514d8619f810cf0defd523707399f51ab
model	assets/connectedglass/models/borderless_glass_orange.json	191	d433efca89fa0a7b3d237d18fb2f8a437f1cd08c46a07980eb54f5f6f8494642
model	assets/connectedglass/models/borderless_glass_orange_pane_noside.json	421	d28ecfe76066fe51f1544fc965d77d1c39b2960232342c35aa878b4ec502644d
model	assets/connectedglass/models/borderless_glass_orange_pane_noside_alt.json	425	c92e43ad3bfae2ba0e6a171173cea5c7c933910eb8494d26030b4f202353532d
model	assets/connectedglass/models/borderless_glass_orange_pane_post.json	419	9660fd5b3527a90e26e1f8ec1f6516fee9efd02fca6904ab51253a7dfe0ae779
model	assets/connectedglass/models/borderless_glass_orange_pane_side_east.json	948	886fee69c7a931c4ae6b006aa67df67fcfded1bb8733e49d126de72827c8a5b4
model	assets/connectedglass/models/borderless_glass_orange_pane_side_north.json	949	6e1e89d30837bc68e82a7474c23c7d9c61681d724f1aaf5d3b7d298e7a7e1daf
model	assets/connectedglass/models/borderless_glass_orange_pane_side_south.json	953	6920367c34e7a3cff8e13ac581970c3a766be6659c229f595b8fa45e4d8299ce
model	assets/connectedglass/models/borderless_glass_orange_pane_side_west.json	952	25ac79ec30e42f0b5ade576bb37a60d3e3b480cd48fe477b2844d70bb5c0a65a
model	assets/connectedglass/models/borderless_glass_pane_noside.json	407	1d56539b7615cb58781a8ee73b7feb65e691ec331eb68f1d7db4e664e122a830
model	assets/connectedglass/models/borderless_glass_pane_noside_alt.json	411	3a721406541795883d59310fe4f07cd4651ad8ddaeb35930776fa6b3005d1262
model	assets/connectedglass/models/borderless_glass_pane_post.json	405	22902541ea77a5e359ec33a38a14fcc476368edb57e14e4c1db353f730934c3e
model	assets/connectedglass/models/borderless_glass_pane_side_east.json	927	3bd8671cb33da5302e4fdf9ddd41975e897e6bde54e6dce17da942eb961d34c0
model	assets/connectedglass/models/borderless_glass_pane_side_north.json	928	8764a0a6e754e67db8184f0d0562f65205b52cb55c8fa633718530d9d19aa9a5
model	assets/connectedglass/models/borderless_glass_pane_side_south.json	932	92ac55e5a963d6b27faa1fdaee45c72e50399f9d0bb1587df3bd4b2277e3f786
model	assets/connectedglass/models/borderless_glass_pane_side_west.json	931	f0d2f4c538589eda3c4c820e31c3e74c42a5325a65b2ef3fbc787f240d41d2fb
model	assets/connectedglass/models/borderless_glass_pink.json	189	75b88632d3574e2c67ade7443a910e6b0cd19c5209caa7508a66a0c43675c70b
model	assets/connectedglass/models/borderless_glass_pink_pane_noside.json	417	598892aaf63e05caf9a7fba7a29a6f44fb1d94328e2923d302715f60bcd60acc
model	assets/connectedglass/models/borderless_glass_pink_pane_noside_alt.json	421	d69f18a283febc0f36ed1061161773418972a2f68c2e8cb3727f04d9d0e33046
model	assets/connectedglass/models/borderless_glass_pink_pane_post.json	415	a6ab79da7d371260187332bd5e6ee9b6707ed9885ddc650650611f52170eab0b
model	assets/connectedglass/models/borderless_glass_pink_pane_side_east.json	942	6171c74cbf1b58ea9cc32f5e523350c957e6c5fcd019c2100c4505fc34066412
model	assets/connectedglass/models/borderless_glass_pink_pane_side_north.json	943	c996d93b0f50cbd99052a98c86a3934fe349bd95fb20976264e20a725185e498
model	assets/connectedglass/models/borderless_glass_pink_pane_side_south.json	947	860909767034b578fa5b59fb7fb44350914aa2d615b9f9d10add8b78d107880a
model	assets/connectedglass/models/borderless_glass_pink_pane_side_west.json	946	2a725e555fbd04dde5f071cedc4a7f0f738b0b47c2e053547e214364ddd52941
model	assets/connectedglass/models/borderless_glass_purple.json	191	6ca6ed1c182b3f8a6fdb23f91cfccfea8623b78f74e725bb0d0dafd4d2e7b013
model	assets/connectedglass/models/borderless_glass_purple_pane_noside.json	421	c2075e53115eba17ae3f24bb14b51996c0cfc40be4dff3c596fb46fcc5b5117d
model	assets/connectedglass/models/borderless_glass_purple_pane_noside_alt.json	425	80f82977af34b0593e1103659503eb87f5a623eddb25717fac194b076d0cb98a
model	assets/connectedglass/models/borderless_glass_purple_pane_post.json	419	bd3be42ba24e740ed2b1feec7ef1b5e18baaa1b9d9b678cb0f9bd7681dd0b9c5
model	assets/connectedglass/models/borderless_glass_purple_pane_side_east.json	948	922941bd67d1e3e7b9ee176f7d76b60a6dbc57cd9d5361b98c0d7e5ef2bdf0d7
model	assets/connectedglass/models/borderless_glass_purple_pane_side_north.json	949	6ea15f863dc082cfbf255988d885c11c64dba386eaf0b05f05706e09dfd60ac3
model	assets/connectedglass/models/borderless_glass_purple_pane_side_south.json	953	cdd80bf4b72d9855ccd98159dfff834b56d79c9ed45426c90c39a44077c8d6df
model	assets/connectedglass/models/borderless_glass_purple_pane_side_west.json	952	cdc2fbca4d00552573d20ef8a443001c25a32962d514c61a638fdb0e167c1e5e
model	assets/connectedglass/models/borderless_glass_red.json	188	236d4122f123a1ecf3b12402ebd25f41f0d2ae2e1db57d85e5c4632bdd3ce27f
model	assets/connectedglass/models/borderless_glass_red_pane_noside.json	415	5c4e35cdb7ee728bb57aa4e5ebedfe599bc714ba506210eeaed19fcbe06ec604
model	assets/connectedglass/models/borderless_glass_red_pane_noside_alt.json	419	7556ba32d331ac1b3226116d1bdf4c0bf2c12764551b18cd2e80efbd94dc16f4
model	assets/connectedglass/models/borderless_glass_red_pane_post.json	413	c397c590ad1594b1045c0b78d63330f0efbf5049a175093aa28e4fde90ae9009
model	assets/connectedglass/models/borderless_glass_red_pane_side_east.json	939	d301c9039e7a0bf2b9a62a4deafce2101667ed2588cdf0020bca3bbf70735776
model	assets/connectedglass/models/borderless_glass_red_pane_side_north.json	940	a2080474052fbe90a7784452e5590046fa1099d5ba48738952bf9cf43d78cf9f
model	assets/connectedglass/models/borderless_glass_red_pane_side_south.json	944	61ec7ecbd6c8a2d74916f8c22c162f6f4f2720b1f0c4072c80cd04952d1352cc
model	assets/connectedglass/models/borderless_glass_red_pane_side_west.json	943	cfe1648c78c5f4ddb6b6d290540fa15689d6117a28e591b9c0e895c569f5436a
model	assets/connectedglass/models/borderless_glass_white.json	190	7fb9040d6918944f976a027bae80b7966455de9a52dc65964f5f78404115dcb7
model	assets/connectedglass/models/borderless_glass_white_pane_noside.json	419	e1c2e3214f3b5f2c2c2cdbd957e4417dd036003b1a9adb2c24063f634fdb56c3
model	assets/connectedglass/models/borderless_glass_white_pane_noside_alt.json	423	110c46bbc737203f9ceffd8adb5ab7f89bc5776b8b261bdb67ebd0b79bd8dc74
model	assets/connectedglass/models/borderless_glass_white_pane_post.json	417	bd24a459a0a41b11eadad76106652ffd74d946bb1158e0428e26833d6bcb9c35
model	assets/connectedglass/models/borderless_glass_white_pane_side_east.json	945	552bef03ed95550d9ccd5cb9e6d88b80e08b0c3dd2b96ed1bfe35f80ad62b0b3
model	assets/connectedglass/models/borderless_glass_white_pane_side_north.json	946	6741cf8d9190a4435245d12ece8e0391249aea190005431a1b2e778d68c6c85e
model	assets/connectedglass/models/borderless_glass_white_pane_side_south.json	950	0a6c48e4aaa22160e349f2103668c682d57874f6c81789c2f3d28b0cfb677a1e
model	assets/connectedglass/models/borderless_glass_white_pane_side_west.json	949	78babffe0723024bf8c4e3504b78551ed9066642f6539fff720aee46948fa543
model	assets/connectedglass/models/borderless_glass_yellow.json	191	12e91e35106f80b7461802e3f695f0ab792d15a26a2b1470d86faa92e7b8574c
model	assets/connectedglass/models/borderless_glass_yellow_pane_noside.json	421	505884569cd3450a3ce86c8ba25f680e97ad83a2d925b72839531feb23c2b0b5
model	assets/connectedglass/models/borderless_glass_yellow_pane_noside_alt.json	425	dffc3a4be4b09d124f5ba83539ad4b2189d016a332e8020a4d44752b2f6a4f68
model	assets/connectedglass/models/borderless_glass_yellow_pane_post.json	419	3a66198a71cd8c1f57d44cd128b99d30267a01fb93bb26a268aa229387174ae0
model	assets/connectedglass/models/borderless_glass_yellow_pane_side_east.json	948	e7f0f56c3b54f53ff91fc6526e3ed88e2aaa81a1abdaf6e59f61d08bcfe2fa62
model	assets/connectedglass/models/borderless_glass_yellow_pane_side_north.json	949	6508b1c3f1390fc260fee524a1fbf93b6004f95562cc42e6c91d51d8c3897634
model	assets/connectedglass/models/borderless_glass_yellow_pane_side_south.json	953	b49091322ae2d0bbf7727806341875e2472543ab76caef688a1ad05571f2fa69
model	assets/connectedglass/models/borderless_glass_yellow_pane_side_west.json	952	f9958c94d41d87431b4d8c030bc9c865dcb5137b2497be78aa4cd4a6ea1d60ef
model	assets/connectedglass/models/clear_glass.json	174	083276dbef6587282e665f110358e99763e33b911368051aee8f71266e766c3a
model	assets/connectedglass/models/clear_glass_black.json	180	8d7335ac63668031ec7143c86cba7d7ff2ae1d8ac4e3e5043501fe88b8f4edda
model	assets/connectedglass/models/clear_glass_black_pane_noside.json	399	069d1b22cf964fc1301cf5c35d65204172b503d0904d8a59a54e9725803d986a
model	assets/connectedglass/models/clear_glass_black_pane_noside_alt.json	403	2f858eefbb9b8e85ba35d14c23d6fa46e64244ac767829b617dd5175689eec83
model	assets/connectedglass/models/clear_glass_black_pane_post.json	397	ed9b16a891509a258ec270d474d0516ed05f202d99c7502c785387358c1f23a8
model	assets/connectedglass/models/clear_glass_black_pane_side_east.json	920	a6d5220b9fdbe79f7421c89ea7cc6127f4c3b6b11413251be89405ef83bb9187
model	assets/connectedglass/models/clear_glass_black_pane_side_north.json	921	6c14389f35c471c304908e8379fd8107990b5de13c7783d9b124ef4b39e95a50
model	assets/connectedglass/models/clear_glass_black_pane_side_south.json	925	254c64c3e8950b9993ab20543fcbe7d199e746f155e376b3aa2ec4b66beb170b
model	assets/connectedglass/models/clear_glass_black_pane_side_west.json	924	f089e0270ea13cb16a95ed2e63aaaa118c03f9a1915efce145f06b9fb83bd3e5
model	assets/connectedglass/models/clear_glass_blue.json	179	95193e42649c0f4933d21189163e41a89564a25933a1f0a19ed16fe0d5ce3a7c
model	assets/connectedglass/models/clear_glass_blue_pane_noside.json	397	50c43e4cc8345642a8f40a49fed601a77522bf5b91ea392bb1d310cbc3b3dd64
model	assets/connectedglass/models/clear_glass_blue_pane_noside_alt.json	401	fca6fd369fd1df69ecd4f814b731728bce0660c3e0643404f691065527d275ba
model	assets/connectedglass/models/clear_glass_blue_pane_post.json	395	00d044d0ae0e9091a07b05f3f8fa25d99b1fa3e3bc64eacc9c2f9d34cfaedfd0
model	assets/connectedglass/models/clear_glass_blue_pane_side_east.json	917	2d818fa35eaa1468fbc6506ae0d8ea84735abc42846a1852c21c49007acba8a6
model	assets/connectedglass/models/clear_glass_blue_pane_side_north.json	918	0d5f84f71acaf2f1ba471d0362cdfb94f927b95cecbe8b995b77a4ab755f0046
model	assets/connectedglass/models/clear_glass_blue_pane_side_south.json	922	5ab1639ad82e5872cb100b13021ea1c3284fd282a359a987d9806c835313f2cc
model	assets/connectedglass/models/clear_glass_blue_pane_side_west.json	921	804f861cd58d02380bb76702e2c9680855b9b5c5e5a8bf0c0a6422e098a46b77
model	assets/connectedglass/models/clear_glass_brown.json	180	55294711c7f2a2175a10d953785a0e7da52635c9a9cd51726ed1ec860f0723ee
model	assets/connectedglass/models/clear_glass_brown_pane_noside.json	399	df78cf6e4596808f07867e17994400a46db6cebbdab3b30eba2bafbc1cb6f070
model	assets/connectedglass/models/clear_glass_brown_pane_noside_alt.json	403	e8e0481e74b75120926c3b4a7be60a0f7045c20969e561edefa564d35f3351c0
model	assets/connectedglass/models/clear_glass_brown_pane_post.json	397	81e4afd09fa0a405bbc67842f2e7e87ce6a02b794731829a3010c556d9796980
model	assets/connectedglass/models/clear_glass_brown_pane_side_east.json	920	322ab120a5b82ac6197ce546781e748c9bb45ddcc1d47573245ed64b85ad1cc0
model	assets/connectedglass/models/clear_glass_brown_pane_side_north.json	921	f88015133aa03506c82ae1ee122f84e6754c4908f75f46fe08eb6b7801504d10
model	assets/connectedglass/models/clear_glass_brown_pane_side_south.json	925	3162101045669039140f4d91ced2d627752293a6067646657c1491b549c6f80e
model	assets/connectedglass/models/clear_glass_brown_pane_side_west.json	924	c7815b8b675e2da0c3bb332886e258e9b2410b4bda88108a48af437ef596926c
model	assets/connectedglass/models/clear_glass_cyan.json	179	692d72c0eb640554fc6be34349e037eedac199c6031aa06a35f4f613d5f571b6
model	assets/connectedglass/models/clear_glass_cyan_pane_noside.json	397	f252615d2b4da6f88a49b7379aaca33982aee949a244e38366f924b892b314f5
model	assets/connectedglass/models/clear_glass_cyan_pane_noside_alt.json	401	a8b33431694de418caa2fe197a4512980fec0a0b606558d0eab6ddbe03fabeeb
model	assets/connectedglass/models/clear_glass_cyan_pane_post.json	395	1938410a76d2033247d36b6b598585ec7a817eb3e524e1dd07fc421c78214994
model	assets/connectedglass/models/clear_glass_cyan_pane_side_east.json	917	da409e039f1e32a60d009281b5054677e8847abd384ddaf6e5403a436a102531
model	assets/connectedglass/models/clear_glass_cyan_pane_side_north.json	918	e10cded796a3f532ecd9ef5633a14db0cbcde2d7899cc44cfd42824684ae0240
model	assets/connectedglass/models/clear_glass_cyan_pane_side_south.json	922	7bd2896a2c4d920a376e72909693ca67a67a537900659d8edc5f942018ef6e51
model	assets/connectedglass/models/clear_glass_cyan_pane_side_west.json	921	7dbe6204d07014411ea0df7c1e694308ffef3c84c4a5624397dee8afcc53010b
model	assets/connectedglass/models/clear_glass_gray.json	179	cffa17d94a8b93f63c051c09d22c2600f39f68f9795ad6a8e051161b4f8bd249
model	assets/connectedglass/models/clear_glass_gray_pane_noside.json	397	341eaa54cbe4ce43dba8198c30f15f789b70524ed7f83e3979942a46adc83b94
model	assets/connectedglass/models/clear_glass_gray_pane_noside_alt.json	401	1563e71b1f738282d60dd84836d2be4b54175dac0bdfbec7890c47d118e3e098
model	assets/connectedglass/models/clear_glass_gray_pane_post.json	395	9243de1452dc1a96d735b2a259f3c2acc1f181d50366665f4534e851ae1ec8ea
model	assets/connectedglass/models/clear_glass_gray_pane_side_east.json	917	37a136d1315f9977a0370d765746518d323afa66d099d8e493109c3192727d72
model	assets/connectedglass/models/clear_glass_gray_pane_side_north.json	918	78f8548cf8d7c46a6593da33dfbd48039b8d7c867197e8eee83a64864c6f95b1
model	assets/connectedglass/models/clear_glass_gray_pane_side_south.json	922	6f2f9175921678cd3edcbaf8b9eb0d2463820b59fd670804210c101b6b60c480
model	assets/connectedglass/models/clear_glass_gray_pane_side_west.json	921	6cea5dffd208e87b21c0038057f3ae95ddb1b7b583af68395652cf14d885da3c
model	assets/connectedglass/models/clear_glass_green.json	180	4dce5969d43b63d8fffa080f208282be70a206463e08a57ebbe0d3bd9558bff9
model	assets/connectedglass/models/clear_glass_green_pane_noside.json	399	b521466dc710e41411f43311e5fbc11625b58090040f954bced14ff26ec3dfe8
model	assets/connectedglass/models/clear_glass_green_pane_noside_alt.json	403	287311f9a8704d75353f081d275fe7f7fd16c419fc3f89791822427bfd1f9e49
model	assets/connectedglass/models/clear_glass_green_pane_post.json	397	32feeb5fa44a61ab206834dbb9354b297317b546d5e3fde5fd36943f170c27c1
model	assets/connectedglass/models/clear_glass_green_pane_side_east.json	920	807797f455fa8ff831c641380310a7eaf97e2e5998547d238b01a832fb4a4975
model	assets/connectedglass/models/clear_glass_green_pane_side_north.json	921	d71d4a31720e752881ff6d8eb3f60bc7bbfa518384248e86f176fe0abeac9fba
model	assets/connectedglass/models/clear_glass_green_pane_side_south.json	925	f401199bc7e02698bc71a28cff6284a0296eb554fc7ff6ed88730ec23ceb1b0c
model	assets/connectedglass/models/clear_glass_green_pane_side_west.json	924	41d110baef742116c2d40e6cea0e5a686570e08f3911b5c0ff61a60eca50bc85
model	assets/connectedglass/models/clear_glass_light_blue.json	185	645e6ff3ba1b5de8a6e245844e0b898b622b5ea102cf6310fff2c6ab1997b766
model	assets/connectedglass/models/clear_glass_light_blue_pane_noside.json	409	3b72ef482b0f5976e1416e7eddfec6bb52fdae4dcdcdc9636e3e62528c754e36
model	assets/connectedglass/models/clear_glass_light_blue_pane_noside_alt.json	413	ac470d72c2f878ed065522eecc41fca02db0b9ff7693d1b02c2a2d88a063a5e1
model	assets/connectedglass/models/clear_glass_light_blue_pane_post.json	407	6226714d33798e749ad61830649d87ae0137aea17b97cb4af9805cdbb52662ae
model	assets/connectedglass/models/clear_glass_light_blue_pane_side_east.json	935	efa2007352c2ff11a0ceea25ed2f60794ac71449fd0e64646b587616dc3aa9f8
model	assets/connectedglass/models/clear_glass_light_blue_pane_side_north.json	936	d2b079a50dbd10023c4c7439010bf5e575a934690d322b8b40082c43660f16e2
model	assets/connectedglass/models/clear_glass_light_blue_pane_side_south.json	940	430c5815548e2fcaba15516aa5a3bbcdc54f98d3702a8ff92de67d29703bb841
model	assets/connectedglass/models/clear_glass_light_blue_pane_side_west.json	939	83741abaa8314f8fa3e1454425045a4ae09e68d00cd77798c98fd377033a121d
model	assets/connectedglass/models/clear_glass_light_gray.json	185	6c9b00a3d2f87f99e55b0c4f72b1ccb95579d42f880b16e9ffd1dd090e058b7b
model	assets/connectedglass/models/clear_glass_light_gray_pane_noside.json	409	53dbc1036946cb8a161b00624a01c45813593daf746dc54deea3901889961376
model	assets/connectedglass/models/clear_glass_light_gray_pane_noside_alt.json	413	7c7d2f2338d432045bef60ecf741a9dc899353c83425f34b19a418bbcf620d3b
model	assets/connectedglass/models/clear_glass_light_gray_pane_post.json	407	e9b445737f2e50eaba067917a6511e46247962766d8f31cb322d7e9ee57ca72f
model	assets/connectedglass/models/clear_glass_light_gray_pane_side_east.json	935	dd3f773ab8a3ff4a4126ea21bf998b9e7074e6f3f800f95dc8c9da7406bbdb05
model	assets/connectedglass/models/clear_glass_light_gray_pane_side_north.json	936	013e9a9152972054c70734e1e4894ea2b519f44fe892d1c9387181d067d860c1
model	assets/connectedglass/models/clear_glass_light_gray_pane_side_south.json	940	e2dc3009a3f1ac044d5369c81ba17745e51d340a214daab125d97124e4ff71a4
model	assets/connectedglass/models/clear_glass_light_gray_pane_side_west.json	939	a645293bc73e6a5006d25927f7539b17e064a7eb63a3ec120be2fa47ba1dc3be
model	assets/connectedglass/models/clear_glass_lime.json	179	62efb24a16b0d2a4f200493ff911c13a95907a8d1ff7a0a65cdaccaf67089a71
model	assets/connectedglass/models/clear_glass_lime_pane_noside.json	397	7813a43c85f916dffda1cbfb78fcb2c93238e7ec88c57a091cc4c7e8ff43462e
model	assets/connectedglass/models/clear_glass_lime_pane_noside_alt.json	401	9994ec7a20ee50595ca0b90c2e6f3e1420d74f206e60002d98db189e9ff621cc
model	assets/connectedglass/models/clear_glass_lime_pane_post.json	395	0a1baa04ce020d84e708c2b52783149525360b0f8a47c0763113d9537de8b136
model	assets/connectedglass/models/clear_glass_lime_pane_side_east.json	917	bbf9d006b52870dcb5be5799d8acd9d7b3bbd9df331f1852b68bd7bf936baaae
model	assets/connectedglass/models/clear_glass_lime_pane_side_north.json	918	868c8f686689bc5acb2f60d46a02ac8af1986b475a3fdd9a72f55d962b9251fb
model	assets/connectedglass/models/clear_glass_lime_pane_side_south.json	922	6a60faff5750fefffa01d2b9fe66972ace6f938b5b8b57d05c2555fecbcab2db
model	assets/connectedglass/models/clear_glass_lime_pane_side_west.json	921	1e59ef6dacf7279da178cadf936a47a1be2d914b499a4ae82cffba65fb5a8857
model	assets/connectedglass/models/clear_glass_magenta.json	182	95a6c428dcbffdae9dd06200eca8714e554898bcc893bd9a81616c7514a4937f
model	assets/connectedglass/models/clear_glass_magenta_pane_noside.json	403	6daf5ce0e4d5b2329de2eb93ee1a869128cdd0247d7e08f9d3f8d500350187c2
model	assets/connectedglass/models/clear_glass_magenta_pane_noside_alt.json	407	ec0c7a68d3f79c8750a6a374ae3c1af0378adb71accf4541e72c2a14aaf46c3e
model	assets/connectedglass/models/clear_glass_magenta_pane_post.json	401	7ea4894551598317e14a9e89dde6cd5f2a2cd15711e68ce29ca5769423976207
model	assets/connectedglass/models/clear_glass_magenta_pane_side_east.json	926	b86265e4565aa6974843b48fbb6ed28a3c2936fad21fe104b3fde215198e9001
model	assets/connectedglass/models/clear_glass_magenta_pane_side_north.json	927	fe16e655ac09f0b55fe0f678e13428cb309ef5f9d2e5fd9331b6e566c678dcf8
model	assets/connectedglass/models/clear_glass_magenta_pane_side_south.json	931	92732971824e0ed06095fe679572b66aa79a531690f797f2d8f5e0643d37d37e
model	assets/connectedglass/models/clear_glass_magenta_pane_side_west.json	930	facb4ef6b3e4d57da4e452f16db6f33b89cddcf837ad471acb15148f8adb3bb6
model	assets/connectedglass/models/clear_glass_orange.json	181	69942a7916d6a3090143aaeb85410bb9a3ec671dbfe87156e9a5c21f8df50566
model	assets/connectedglass/models/clear_glass_orange_pane_noside.json	401	1283c1beaf9ecf0b7de0c9642268c8b511c7339aa113001a68814cd2a171c076
model	assets/connectedglass/models/clear_glass_orange_pane_noside_alt.json	405	9590f7be88d349a3855a4155baa3e784b6ba09bd51f49ab075d798bd059c4573
model	assets/connectedglass/models/clear_glass_orange_pane_post.json	399	d59dc2ad41f8b296949394385107ff0ccf7050bfd35696966305649bd96fb16b
model	assets/connectedglass/models/clear_glass_orange_pane_side_east.json	923	25513f7b444578396fbdaa52c82951a70529f6f60b9ac5a17d841d3f2d1f473b
model	assets/connectedglass/models/clear_glass_orange_pane_side_north.json	924	22f7e3e37aad184ef9c30fa95438c02a8dda87c9b09fe3c71d427d7a73a9603d
model	assets/connectedglass/models/clear_glass_orange_pane_side_south.json	928	201fa207bf057634da51fb1078aa0372872852f87ff0b370abce8dc7fb4f6096
model	assets/connectedglass/models/clear_glass_orange_pane_side_west.json	927	a6d0e66b34be78633ed193327b31c2ada4fd10ab14925c0c566a9fda7cf2bcb3
model	assets/connectedglass/models/clear_glass_pane_noside.json	387	90fb148c86598de11849be6d4d22f2bd425392af05e2eb1d287751609e4ff830
model	assets/connectedglass/models/clear_glass_pane_noside_alt.json	391	848e072f3853b1661f278c5f5392ac36bb5069d6006d19a70b040866295b6664
model	assets/connectedglass/models/clear_glass_pane_post.json	385	1aeb6e3479455022bc41e962ef7499990b1416d11526741087945942e4b9fa1f
model	assets/connectedglass/models/clear_glass_pane_side_east.json	902	7e78764be49bfddff206317f989e72987e50f3234facf8adcf7fc6c3fe0509b6
model	assets/connectedglass/models/clear_glass_pane_side_north.json	903	c956a32a09cf0b7f3161ea37bc7daf12d766dc5d11aad5a769513f41f1148267
model	assets/connectedglass/models/clear_glass_pane_side_south.json	907	bee59470e72b41fe8736ac0b342c7e6e0b6d4a9cedf34fc08ba1ffea4c46bfcc
model	assets/connectedglass/models/clear_glass_pane_side_west.json	906	9764731a22871d297b5e0d1d4d0e224edc028ea5b2c1db27c43b4207b4b94070
model	assets/connectedglass/models/clear_glass_pink.json	179	6ab38107b04a9e6c6652e16584fd0e9ccc36047d086e752e0172b6197ea4edb0
model	assets/connectedglass/models/clear_glass_pink_pane_noside.json	397	46edd6778ff24e3e39ff161c15f5b1704af014eeba2948efe05aca0af00b22c0
model	assets/connectedglass/models/clear_glass_pink_pane_noside_alt.json	401	9d1919b87a11c63f87b5818ea44b670d77b8124501c634f7a390b7df575670bb
model	assets/connectedglass/models/clear_glass_pink_pane_post.json	395	71abe420b061e74f2c6503814766e5fb0125241a33a2d483d771e9f2f677477e
model	assets/connectedglass/models/clear_glass_pink_pane_side_east.json	917	577ca45bf942fb48054d5f41225769b50ba996aeb464db51014ab03b529e33d1
model	assets/connectedglass/models/clear_glass_pink_pane_side_north.json	918	3b192fe053e6db82990f7b36dee83c0a86d38548632047ed6bd5f18a95157fb6
model	assets/connectedglass/models/clear_glass_pink_pane_side_south.json	922	5636dcc7ff5bd75eda2f0bc5f4eccabe8972fd1228deb8f8b631aba5e77b5c9f
model	assets/connectedglass/models/clear_glass_pink_pane_side_west.json	921	d3f14b824bbf1b07cf0ace468b79db03a311cee2efaafc60ee1a0c868d6a8661
model	assets/connectedglass/models/clear_glass_purple.json	181	71ad912ad951188ad847565e3e9eba5541fac375bb54c97f2964e23644711c0b
model	assets/connectedglass/models/clear_glass_purple_pane_noside.json	401	8f9039e5a5354f7b75d983e2b47ecd1d0c139a03f4d0db3b2dd280c03435fe9d
model	assets/connectedglass/models/clear_glass_purple_pane_noside_alt.json	405	5bb26fe1c556a60864317777f11788b39ea06789626932daa2174ecf5faa001c
model	assets/connectedglass/models/clear_glass_purple_pane_post.json	399	6c8c01aeed520a250acb9895737a002f5ff3cab23c7a217c1382f96c5c044b5b
model	assets/connectedglass/models/clear_glass_purple_pane_side_east.json	923	d293ea4c8a0f42c5b6077fa26dc4ef98eb31f49e558d794fdd7d499ac790ddd9
model	assets/connectedglass/models/clear_glass_purple_pane_side_north.json	924	c5a4cbaff44fe9d307e83c7b2226186e3b8cc2d45a40142f7153563919f6a3ac
model	assets/connectedglass/models/clear_glass_purple_pane_side_south.json	928	ddd875c97471f2e14d8e512cff7ca8261f1b3c747b847e1bf417dfc6ffea4a38
model	assets/connectedglass/models/clear_glass_purple_pane_side_west.json	927	76acdac2ac89f483ba06e573cff122df7c3aaf72da55a2b0e6b524afc9d50c90
model	assets/connectedglass/models/clear_glass_red.json	178	09bcaafb67c579f75d3a18a7d11b0aa3fb629e0b6f107771b5b3be28051da7fb
model	assets/connectedglass/models/clear_glass_red_pane_noside.json	395	afb56806ee2c085d04bb1d64ed9de0145f51976b59caa82fc3e4ed02c96f08b5
model	assets/connectedglass/models/clear_glass_red_pane_noside_alt.json	399	645b979af043b8c1118f10ac602656710536b22064bacaa48b0e4967770bce30
model	assets/connectedglass/models/clear_glass_red_pane_post.json	393	de6ee83f241e58f5c1e56aea1894b441e4d7fa77c162829e2a854e47971677d1
model	assets/connectedglass/models/clear_glass_red_pane_side_east.json	914	7a26b0c1f8576d7f79141360562d4218ea8d3f01fc7761de46ad1981ce37b741
model	assets/connectedglass/models/clear_glass_red_pane_side_north.json	915	5fffb92fe90c61d5ee4a33f48cb0f7d0d3896939abe215bb4307f6e0e110a116
model	assets/connectedglass/models/clear_glass_red_pane_side_south.json	919	3a71c0129b95d5b02b7987bce69c66211fdf0145443f002e90f8b13310cfb411
model	assets/connectedglass/models/clear_glass_red_pane_side_west.json	918	6c92050fde0405c649f8d5d8b2c7721b134e3d669f9075ecb746df1fea72f468
model	assets/connectedglass/models/clear_glass_white.json	180	33f09bb1989347ef3efa2d39a76cdedf531bea771219f258619390e8d9fdf7bb
model	assets/connectedglass/models/clear_glass_white_pane_noside.json	399	e0bf7a3ceb3b3a4c270795bc879993c62ca76fa5bb0a93ed846618164bfbe3f0
model	assets/connectedglass/models/clear_glass_white_pane_noside_alt.json	403	b2295a70cf4f0453cb35f45637d7434c0e9a73e2be818e6dcd1f6354db6a2b2e
model	assets/connectedglass/models/clear_glass_white_pane_post.json	397	c395fd7c6a3cb47ccfa886ffac5a077bd0a3838d34c4a21f10d73ac5c7f26d94
model	assets/connectedglass/models/clear_glass_white_pane_side_east.json	920	16d06e93cb1178b1f2731f888d3df99df95b8d5181d408496c4decd79a7a397c
model	assets/connectedglass/models/clear_glass_white_pane_side_north.json	921	58bf0158b2099b6221328ddfcc92ece8cd86ea5e6eb6388b962655cde1d4deed
model	assets/connectedglass/models/clear_glass_white_pane_side_south.json	925	6349808c0a690ba57011b72163a8852697db56c9922458c815b5353976c1ac81
model	assets/connectedglass/models/clear_glass_white_pane_side_west.json	924	268b547a6a88ebd61b697fd6e85977b8a56dbfdf7725b72ab6406f118c4f93bb
model	assets/connectedglass/models/clear_glass_yellow.json	181	f83e655558c80374b532dc8ac294809ffd974692cd84386e6dc1b850130f6428
model	assets/connectedglass/models/clear_glass_yellow_pane_noside.json	401	1785fb439d2d168ff4fc0dcf547d8bfef01d1c2c5db99e7a0b436e9519aa93e0
model	assets/connectedglass/models/clear_glass_yellow_pane_noside_alt.json	405	10cfc994d22d542d57e996f39b21e9d63e6dc6ea15f0ac0aab8e1fa5999203e0
model	assets/connectedglass/models/clear_glass_yellow_pane_post.json	399	0883233eb2e0f69ed969cc31c5d937283868d901298d2d37f5460e98449ca6dc
model	assets/connectedglass/models/clear_glass_yellow_pane_side_east.json	923	cb14b21e1de6c5351ab07fbf327263399aa6f49add2ffd07f77f67306e780951
model	assets/connectedglass/models/clear_glass_yellow_pane_side_north.json	924	72a14eef1ce82ab2bddefa64092efd1c9dbfdec6289e5b1b5d9bdb6fddc7775e
model	assets/connectedglass/models/clear_glass_yellow_pane_side_south.json	928	5df811e234d855e4ab919eeeef4733f22b818030d275bddddbadf8753cb825d6
model	assets/connectedglass/models/clear_glass_yellow_pane_side_west.json	927	ba6b2370fbadcf4beb0aae7b140b5cd50745b05e9563c8d0c85973103e52fe38
model	assets/connectedglass/models/scratched_glass.json	182	f9aae8e6052e87225114fc73d59f8cc73abf95135a20c956e52d354ddc88bc35
model	assets/connectedglass/models/scratched_glass_black.json	188	6aefab6cb56523d8155e184eebd86106dfa37ce40baa5fc8b1482c174116e005
model	assets/connectedglass/models/scratched_glass_black_pane_noside.json	415	8571f75274ac0cb7849c9028c0311d5b21422cf2eb1ea25bfeab8b88134266c0
model	assets/connectedglass/models/scratched_glass_black_pane_noside_alt.json	419	c7571445c82fbafa51cda3fb593a118ea918b8ff3b839429cca39f48ce555dc2
model	assets/connectedglass/models/scratched_glass_black_pane_post.json	413	b58c78ad95851bdabcb267e448bea1468666c86bc73b96bc0eb5d4e176f605c2
model	assets/connectedglass/models/scratched_glass_black_pane_side_east.json	940	7cf34a4af7ccc8a92bebe802ed95dc2b5dde3cabcb0bf83f812b1c7a2b9fb5f0
model	assets/connectedglass/models/scratched_glass_black_pane_side_north.json	941	86af6f2384798c792521cafa1c42ef510fbffc4ba6406324cd93a403ce327c60
model	assets/connectedglass/models/scratched_glass_black_pane_side_south.json	945	455dcd2ccefbf32ef4ebf2833f314447cde4ca4fe399a797e5f394d6fb235eae
model	assets/connectedglass/models/scratched_glass_black_pane_side_west.json	944	46a358e5374ca9383df74628f4e0dc249f92f85a1d824703ae1a9e4e020471a6
model	assets/connectedglass/models/scratched_glass_blue.json	187	167b50a7213319d0590fd6a3b5d3a6b5d6f27e7aaa28955097f89612f312e93b
model	assets/connectedglass/models/scratched_glass_blue_pane_noside.json	413	46f998e5e166303bd1ac84e8107782916df963cab312ed22d763c7fbfe0296b4
model	assets/connectedglass/models/scratched_glass_blue_pane_noside_alt.json	417	df9f173f84db33891413886709e3831ed933de1862030c9dad7bafef1de160a2
model	assets/connectedglass/models/scratched_glass_blue_pane_post.json	411	ba48fa7ddc8675884de660b7ebdea0773ad53eaa4397cec1fb3348ac9a55cfe1
model	assets/connectedglass/models/scratched_glass_blue_pane_side_east.json	937	909ffc44b87304fe3ce441b7d6e42c67d461cf0d761f90266c22c7a772627578
model	assets/connectedglass/models/scratched_glass_blue_pane_side_north.json	938	2d810e3741816c516c89bb803c0add477dcf42553dc7fd52615ba0ff686f1b16
model	assets/connectedglass/models/scratched_glass_blue_pane_side_south.json	942	9fa6d1a0a4bade90727bedbcb6dfba8fbd8b58cd09d862f72a0d523e39b4f916
model	assets/connectedglass/models/scratched_glass_blue_pane_side_west.json	941	ca3f472dcfd6d039205a06e0a2105e6f42f4813288d99af51c78fd6636030480
model	assets/connectedglass/models/scratched_glass_brown.json	188	05562e0bfc75f7c2e8add32eaedcaac435ed071d85867201980e26a8d2c759c4
model	assets/connectedglass/models/scratched_glass_brown_pane_noside.json	415	130f49f2ab9f04f2d3168edbbde62183ba1506ef0092da541897dbb0b8d8f371
model	assets/connectedglass/models/scratched_glass_brown_pane_noside_alt.json	419	2c7578440bbe85718522f1578583e4f5ced9734283d442377621b03194d403ee
model	assets/connectedglass/models/scratched_glass_brown_pane_post.json	413	94aa7bb1a3d514140dd4a1203e431243b1ed427ea211fbdc50ca5106eba876b8
model	assets/connectedglass/models/scratched_glass_brown_pane_side_east.json	940	29263a794c7e670f4172b796fba5b81d3eb063ca15a7e83607693c717dbb0241
model	assets/connectedglass/models/scratched_glass_brown_pane_side_north.json	941	b6d1d7bc8b6642be28cc47d83f42caaebb3a8cd39b64f008d813b7f737cd5078
model	assets/connectedglass/models/scratched_glass_brown_pane_side_south.json	945	0694bcd989025af2bdd8ebd0bd7cbff1a703eea7030af4385827ed47e73a9cce
model	assets/connectedglass/models/scratched_glass_brown_pane_side_west.json	944	776fb70012c523c5ad984779c663504db38d224b31d074b74dc2bfd185b432e8
model	assets/connectedglass/models/scratched_glass_cyan.json	187	70bdecebaa11d9e766d7a81f61410db7321e824c8d464d6ca6e701533255562c
model	assets/connectedglass/models/scratched_glass_cyan_pane_noside.json	413	a1b5eb9ab07735f600f30aef09333e7f72e12e01733c4aaef0c3b31828a9fb42
model	assets/connectedglass/models/scratched_glass_cyan_pane_noside_alt.json	417	87b20463a1706b09818090cfd74f5885990ccff0ee2e09616ad54ab5543abc6d
model	assets/connectedglass/models/scratched_glass_cyan_pane_post.json	411	db8e9299a9543eb8771a64fe90880e9f3b69b8af94781f584fb38720318a4dde
model	assets/connectedglass/models/scratched_glass_cyan_pane_side_east.json	937	5594bb144b3c31416bf1f38cd07c599f93f743b56f936f1d96e0a5adaa15d8a4
model	assets/connectedglass/models/scratched_glass_cyan_pane_side_north.json	938	f0346dee197194fc2bfb0da406ce5ece1f899660ea3fdf35fd89b7e1056caf58
model	assets/connectedglass/models/scratched_glass_cyan_pane_side_south.json	942	1101219dfcc55b2f7ffe64252280e91b6339989b9896f20c52ff93745b38b005
model	assets/connectedglass/models/scratched_glass_cyan_pane_side_west.json	941	5683caef8379e61e6c80457db6b03f1fc6557fec01515da68101435d2d240d07
model	assets/connectedglass/models/scratched_glass_gray.json	187	cc1a74cca434f5a8f5c97523df80cfe5c4162ed5ba802a5f36419aec0e0c6741
model	assets/connectedglass/models/scratched_glass_gray_pane_noside.json	413	76572b7f10b10fca63d8c90a9e1ac1594c4f5277f2d242e4b706cb9666ae32e7
model	assets/connectedglass/models/scratched_glass_gray_pane_noside_alt.json	417	b46669cc078c6f5e499bfc95de688f3b4ecfe66a94ef1b48aadb08638d692b42
model	assets/connectedglass/models/scratched_glass_gray_pane_post.json	411	24edf6a0e282d5bacd3e6499961f13f735bdf2ea96d64877c136e3637c9fdb07
model	assets/connectedglass/models/scratched_glass_gray_pane_side_east.json	937	c23b25159847b09778bf47b2b03672b2dbbe731b4c9ac80e8037948054f2982f
model	assets/connectedglass/models/scratched_glass_gray_pane_side_north.json	938	34b06e123f6ca5bd5d931604dfa7b93c8a32676c43042622b645b82cdf42cc64
model	assets/connectedglass/models/scratched_glass_gray_pane_side_south.json	942	167c3b3ff5c22191d0a912872839f834128105b8d1339ed20f6fde17f608fca6
model	assets/connectedglass/models/scratched_glass_gray_pane_side_west.json	941	94120fb79a27bf0e5de7dd2d4cb02a7bc2236801f73ad4647a9f83370de0b8ab
model	assets/connectedglass/models/scratched_glass_green.json	188	64f961b40a1a415248ad8b5969534f757c90f185de0a62467b914e08e73b273f
model	assets/connectedglass/models/scratched_glass_green_pane_noside.json	415	b4084373e45ced64b14cd81e5ac223ae3e00d399c380de2e0f218aec2078b0bb
model	assets/connectedglass/models/scratched_glass_green_pane_noside_alt.json	419	ca5895c74a69e8edafc3fd298f1d185bcedc8c6808a35e87674fe876f1d09186
model	assets/connectedglass/models/scratched_glass_green_pane_post.json	413	269ab46e42c8def15f07ab975c6c929a37cd2036356fb128e49c1775b8f0b0ea
model	assets/connectedglass/models/scratched_glass_green_pane_side_east.json	940	109d66f897e36fdefa14e9b792f0c12aeca4ccc5b5aa6d6564dd69d2100e661e
model	assets/connectedglass/models/scratched_glass_green_pane_side_north.json	941	5ff7470c9abb79993f76666a9ce1f1d480f5032874012180d9eb5386ec186184
model	assets/connectedglass/models/scratched_glass_green_pane_side_south.json	945	55a0415491ec121cb68e8a4331e9882ea0f2492b7a4a7ee259a664c7d2462d76
model	assets/connectedglass/models/scratched_glass_green_pane_side_west.json	944	a953b140082a17d3b95a3850fc02e36548b25a6375f52f10b744aabed5674c5a
model	assets/connectedglass/models/scratched_glass_light_blue.json	193	4394330e27cf82e612959dd5f0cfa7401038995834b307cb05def1a641ae5ced
model	assets/connectedglass/models/scratched_glass_light_blue_pane_noside.json	425	615a84369a3d7f5bd393322c8132e63b05678ce0611c9fc2bd83c322d4229979
model	assets/connectedglass/models/scratched_glass_light_blue_pane_noside_alt.json	429	8b9d8342d27ce9c9ab780d6e3e58ba31139613412b904685725500e08f72d222
model	assets/connectedglass/models/scratched_glass_light_blue_pane_post.json	423	44e5b7e5194221d480b8790a88efa273c891ec629e4066df033dbdfcb262961d
model	assets/connectedglass/models/scratched_glass_light_blue_pane_side_east.json	955	6eed4bb5fce1d78203b13e07834d142b034272dc636ed1bc43fe868374cc16ab
model	assets/connectedglass/models/scratched_glass_light_blue_pane_side_north.json	956	d5132565bb66973c51610e6ea7becbd79f2dddd5398990c3c42464fda4097969
model	assets/connectedglass/models/scratched_glass_light_blue_pane_side_south.json	960	d065db90e126ca15b3fd24bd0c8bffda22f03b260489efe5be543cc1756b615f
model	assets/connectedglass/models/scratched_glass_light_blue_pane_side_west.json	959	af2924966399412291b67cc4c067df454d027eabc483cbd9d30f3ab4a4ebbfeb
model	assets/connectedglass/models/scratched_glass_light_gray.json	193	59fb495a16d1ed116421d1857cc6aaabdaef77f525d41f63b40cbc121b8ca342
model	assets/connectedglass/models/scratched_glass_light_gray_pane_noside.json	425	0dc09fd89844e1dd22c89b9526668cbc15bc72744dc34abe1d6ca7119610ac2f
model	assets/connectedglass/models/scratched_glass_light_gray_pane_noside_alt.json	429	18158e575e455f835d74c88107475c34376242247b39bd1811f2cadf44342cd2
model	assets/connectedglass/models/scratched_glass_light_gray_pane_post.json	423	a34c9a80fc58748d5968434142dc8067aa0e654811daed70fdce369735155217
model	assets/connectedglass/models/scratched_glass_light_gray_pane_side_east.json	955	faa8aa77f36ffe5277b1682635cf2f39bdc5048695378d67d34803429afc7275
model	assets/connectedglass/models/scratched_glass_light_gray_pane_side_north.json	956	ed5d096b9677c4da71577886456d4c1c1432487435433e3868603811543d5cef
model	assets/connectedglass/models/scratched_glass_light_gray_pane_side_south.json	960	e7e157f0e06d94447c3d8db0f7af5a6d702cdda9f7a22c38b2de33e816a4e3d1
model	assets/connectedglass/models/scratched_glass_light_gray_pane_side_west.json	959	9aeba9b613228b56f1a0cd2983de526687d9de7efd99a8c85e6c649e7376abb1
model	assets/connectedglass/models/scratched_glass_lime.json	187	bc8f6c88ae78e220a7060daf08db5eb334cbcc1a01d1d1fe90f1b1c818b73adb
model	assets/connectedglass/models/scratched_glass_lime_pane_noside.json	413	11c6f8f44e329cdc0800c70ecccc453f6ad5d065343c893ed35455096db4336a
model	assets/connectedglass/models/scratched_glass_lime_pane_noside_alt.json	417	0266072c94478b6562efe32f02576f675241179a737dee9f8c9f40c7e005b40e
model	assets/connectedglass/models/scratched_glass_lime_pane_post.json	411	e785b1c9faa7ad1ebe4fa7c700961017ee07cecb491cad4dcea48161d7e81cd5
model	assets/connectedglass/models/scratched_glass_lime_pane_side_east.json	937	1720d1f37deee7c9c09e1172102b244106af3efa06f7475b28713b717b30b7e1
model	assets/connectedglass/models/scratched_glass_lime_pane_side_north.json	938	1dbab896df1ee0147b2cf2c83083c2b4a0f16dce42235dcf5f0051dfeb854605
model	assets/connectedglass/models/scratched_glass_lime_pane_side_south.json	942	455b03f76bea85400d41dae4c1a151a6a999a2437f0211385d71bdee2bb5a846
model	assets/connectedglass/models/scratched_glass_lime_pane_side_west.json	941	7c8e3b786f3f0c0b4ed2fa1b55f017924f5b974f46fba89e7aff995e93e9f1a9
model	assets/connectedglass/models/scratched_glass_magenta.json	190	7570eec58368fa1e30f54026f8e2dd527c14fd7090e2caeedc377a4cc3018ed5
model	assets/connectedglass/models/scratched_glass_magenta_pane_noside.json	419	4af71862495d59c5a5229ccf17fd93f41d15f11be7bab52eac9762aa29231b9a
model	assets/connectedglass/models/scratched_glass_magenta_pane_noside_alt.json	423	85c186fdde4adf8d023bf68eceac521c2d0702e871a6ccab266b48b3fd8d915f
model	assets/connectedglass/models/scratched_glass_magenta_pane_post.json	417	8af1e8426183155d41f47b6515812d6de4e63cc2c215c49e473f8ecefbaf830f
model	assets/connectedglass/models/scratched_glass_magenta_pane_side_east.json	946	1a1849c488abf088757c31b1f9da5ba16be61a3927832bc2aa1b91c4cb420cd7
model	assets/connectedglass/models/scratched_glass_magenta_pane_side_north.json	947	1d48a927a4540f0fc6000b83a738dc6dcef0c60b2b7bd0ebbd9c8368697d3d29
model	assets/connectedglass/models/scratched_glass_magenta_pane_side_south.json	951	67561bcaccceb15dff8cfe00d6708ef9b1f49f3908238f3a11d0805dfad366bc
model	assets/connectedglass/models/scratched_glass_magenta_pane_side_west.json	950	4424c68f7f0a26d7b34a092a3c81c5afdd36f61105bb7bbe46004f3c95916935
model	assets/connectedglass/models/scratched_glass_orange.json	189	21b26a034325222016e3c57b5694e53b17dccfcb8881db666e9f46b1660e1ccf
model	assets/connectedglass/models/scratched_glass_orange_pane_noside.json	417	3bedfb398f859b67d2015e809c0ac6c89ef7e75921b022cf0609e40c32044898
model	assets/connectedglass/models/scratched_glass_orange_pane_noside_alt.json	421	9eabaf05cfb15f27a039bad1b1cc045b47b9d6a4a2fb5b9c693451829a4ddce5
model	assets/connectedglass/models/scratched_glass_orange_pane_post.json	415	6371099ccc0fbb1e4d6b5b77f46943e4d313d39b61fa7ae32f6eef0004df67fa
model	assets/connectedglass/models/scratched_glass_orange_pane_side_east.json	943	67d68eb170e2784d496f77eba3615da212b017f734bf6fd0369f7bec16906a94
model	assets/connectedglass/models/scratched_glass_orange_pane_side_north.json	944	54c1fc597f23a1e86c1c5968fe6bc7d6685ce91ea4ea44a8c167c0c7f8c79402
model	assets/connectedglass/models/scratched_glass_orange_pane_side_south.json	948	9c9961629948ad85a9030fc7a62c9bbc6d3434d06120f95e0d17ba6d76a43692
model	assets/connectedglass/models/scratched_glass_orange_pane_side_west.json	947	fe77c3a3f534e77c297fbaf6251f6a8a84628e8ac642c3bbb3b46a2fce397f9f
model	assets/connectedglass/models/scratched_glass_pane_noside.json	403	2059ead643b345440cda15e19704ccf0c446ec833d913b4f26435d4f3f5def6e
model	assets/connectedglass/models/scratched_glass_pane_noside_alt.json	407	21769b08fc4850558247a9b395af34ca898b53e070d41a556ba53cc32e237601
model	assets/connectedglass/models/scratched_glass_pane_post.json	401	8094e5c49ad96c8724a48ba0bd7b10ff1164b1c09fffb5ea30958e3bcaf2fad3
model	assets/connectedglass/models/scratched_glass_pane_side_east.json	922	0474c4bd81527a9137d01be4a1467c4577bb209f2de1d31fbb20452bbced5e06
model	assets/connectedglass/models/scratched_glass_pane_side_north.json	923	30e7283bde584b8901d6fe078fa39d59cb98b8023862f3d7ab39955b44e3d165
model	assets/connectedglass/models/scratched_glass_pane_side_south.json	927	d2c13b08326bf45361860a98e91f40b47595202c235fd2e6b150f609caf1cfb6
model	assets/connectedglass/models/scratched_glass_pane_side_west.json	926	ff0a55144ec8f1cbcd53f26ebbd187be74c5e8d498db7e470981462d6608de0f
model	assets/connectedglass/models/scratched_glass_pink.json	187	1c50409d73018ae2f5fa377233aa832372f35355674486bef8da79ea7b2d7082
model	assets/connectedglass/models/scratched_glass_pink_pane_noside.json	413	6af4feacd7550aa751e842e7353770f1ec2b103563753ec6e02033d2a42fb3fc
model	assets/connectedglass/models/scratched_glass_pink_pane_noside_alt.json	417	0d927be084bc5c2676867ab72a21ca7ae29a1b2ea0f0e45e04984980deb1f314
model	assets/connectedglass/models/scratched_glass_pink_pane_post.json	411	a22149e816f22af01e12db089ebcfe796c7cfc024a8f83d146b1f4656e107e76
model	assets/connectedglass/models/scratched_glass_pink_pane_side_east.json	937	d413ae19d13adeb0473c6f77064e6190d4b7783cc43e49d0a72db99c78853cde
model	assets/connectedglass/models/scratched_glass_pink_pane_side_north.json	938	41250166ba8f72bcf8598f57603e6794711a0b0f09fc62b841119ad410cabbe3
model	assets/connectedglass/models/scratched_glass_pink_pane_side_south.json	942	84b082979509426e77fbf4cecd500e9519da4ebf3eb7fc1643779045486cd021
model	assets/connectedglass/models/scratched_glass_pink_pane_side_west.json	941	717d5b9326f107efe4895b9c36ecafe4fe9bb5b8bde009921816a1c62dcbdd71
model	assets/connectedglass/models/scratched_glass_purple.json	189	52fe32ae4b1011db046ba2cb3746fc8e7dcec3202501ac9ece90c9650d7757f7
model	assets/connectedglass/models/scratched_glass_purple_pane_noside.json	417	b3bae93b22e6bfd01adf45b245b7cb41c21616927e76ab64e730750f6f774022
model	assets/connectedglass/models/scratched_glass_purple_pane_noside_alt.json	421	09aab53f7ba1a19c02d30dc849c42ae678924a5c9fb3ef369d995c38875bb197
model	assets/connectedglass/models/scratched_glass_purple_pane_post.json	415	5a047a48f86a0b99791b831f9624dc787ae711c5641022fb73743cbcee84792c
model	assets/connectedglass/models/scratched_glass_purple_pane_side_east.json	943	6f962dadcc271b6fe112219e597c6bcd43ba176aa243b83640fddce26375b496
model	assets/connectedglass/models/scratched_glass_purple_pane_side_north.json	944	63f6ad9060c79e9796cd8f9970b2f25fb4ae1a33c3cd4d33592abeeb69c3fce1
model	assets/connectedglass/models/scratched_glass_purple_pane_side_south.json	948	46e9bc313a930748d96bda11f92a0e3cea4cff88e3032e13e453d5ba3dd174d2
model	assets/connectedglass/models/scratched_glass_purple_pane_side_west.json	947	fac79d6c71f2232d935e4e73bf0857cbc7f500c2f8e934c459ac0846f79846f1
model	assets/connectedglass/models/scratched_glass_red.json	186	583fad1edf42d0f3282174f353c50f788c4ecd08f49dc509aa3d7cb7993b6bbe
model	assets/connectedglass/models/scratched_glass_red_pane_noside.json	411	570d874b3238caf80fb7727c9acb7f5e20c10d2e8b66e8ad31707afbde0d43ea
model	assets/connectedglass/models/scratched_glass_red_pane_noside_alt.json	415	3e2adb67dc94167bfd159a240514829710eb662ad58b40bf286e15d4f316b878
model	assets/connectedglass/models/scratched_glass_red_pane_post.json	409	4facc70083fd76188999404785a32aa9520c6e498d3beb7d1fa9852cfacab44f
model	assets/connectedglass/models/scratched_glass_red_pane_side_east.json	934	7b4e8fb8275355c60b8c62f413cad19f58c192c464f5b5da71d529c6306390fa
model	assets/connectedglass/models/scratched_glass_red_pane_side_north.json	935	66adb17bf4a81a197847c5a6eaf99b0ee2fa55b0b433a7f771a91c916f31f5af
model	assets/connectedglass/models/scratched_glass_red_pane_side_south.json	939	278dc3baaf547133a8d35feeacb31fcf117637125451f8089f018a49ab02a401
model	assets/connectedglass/models/scratched_glass_red_pane_side_west.json	938	46d029cc036ff64665b79f12a22fc9a993f687d7b4caeed5787c0a8899e9f55e
model	assets/connectedglass/models/scratched_glass_white.json	188	ea116065347477a068d04f1af2958dbb76d875654cf9caeb4f99c997d4bf0687
model	assets/connectedglass/models/scratched_glass_white_pane_noside.json	415	d7d00e029ac6bb8f90cca87b18cd5fd1bccba11d7514cbb8fd6c3a4b009d2439
model	assets/connectedglass/models/scratched_glass_white_pane_noside_alt.json	419	3b76512ab81753306fe47ce58dd256dd00c5edade47cc9d355696dab11cf3e60
model	assets/connectedglass/models/scratched_glass_white_pane_post.json	413	501df54d24f5601696284a17dbd3d48fd8f7de642abbcf2d3cb7540892ee8466
model	assets/connectedglass/models/scratched_glass_white_pane_side_east.json	940	111ad9773681c14efb4f2138ef65626c8068b8c5bd6f5ccb707e6e6e700b326f
model	assets/connectedglass/models/scratched_glass_white_pane_side_north.json	941	73609dc40e9d842384f65918af1e1341b80e19802818723e51c6df4163786834
model	assets/connectedglass/models/scratched_glass_white_pane_side_south.json	945	61c06cbc31a644908b161e15bab5026b8793ccf20460b97b4a28a111381beac0
model	assets/connectedglass/models/scratched_glass_white_pane_side_west.json	944	7e17f6fd4fb5664337ae82bb9193ffa1e0ec63a49d9dbd32d544fc373e50ffcc
model	assets/connectedglass/models/scratched_glass_yellow.json	189	4f470a7be5486c3736d98505c8190db74802c83590813aad8d1bf70b9c3d4bf5
model	assets/connectedglass/models/scratched_glass_yellow_pane_noside.json	417	af6e68362ba94c562ce1ae428e49aff4be373006370b9a07fdf23403fffa2ced
model	assets/connectedglass/models/scratched_glass_yellow_pane_noside_alt.json	421	862240ba48e52f0977f46e9d5bb0884e182ba76bd3ac58e6dfbdfff70af27e7f
model	assets/connectedglass/models/scratched_glass_yellow_pane_post.json	415	cf166635c2650bc408926ea744c0e0d4bcee6f164c6f921ff325330edf48edcb
model	assets/connectedglass/models/scratched_glass_yellow_pane_side_east.json	943	405fa34a717234f1ee66da3abfb2ff57b18191ccf1f0c41b1c60198453b49355
model	assets/connectedglass/models/scratched_glass_yellow_pane_side_north.json	944	43e78db61b9c10e510b2210da388abde53491e3d122fcd239abdaa2cfdfdfab9
model	assets/connectedglass/models/scratched_glass_yellow_pane_side_south.json	948	b12e1fab425e6786e4009aa11706c51e42bd76d30eec19cd4a808fe8e32982b0
model	assets/connectedglass/models/scratched_glass_yellow_pane_side_west.json	947	66ce7458dbf44155d706c422d447e2723a21ac98b3fd8f28959ac27af73f1268
model	assets/connectedglass/models/tinted_borderless_glass.json	198	9bf7a7c227943437fdb2cd26ecdc135037305571a138cc87577ac261682af05f
model	assets/connectedglass/models/tinted_borderless_glass_black.json	204	58017bab9357b883bf17f6b278bb889d18c3cccae358e1099334e580a5577ca0
model	assets/connectedglass/models/tinted_borderless_glass_blue.json	203	1e90631b54a32e23eaaeeffea99c4035dfea973315ad80b839130dc285107f55
model	assets/connectedglass/models/tinted_borderless_glass_brown.json	204	705837d7ad359efa3b602c4f73cdea7ca5534a9e6d4e5df1be22f830244c1892
model	assets/connectedglass/models/tinted_borderless_glass_cyan.json	203	dbbeaa1a3002d6a9ef1051d5aeec4fbd8822726652116bc378d8cc2d2d7906f2
model	assets/connectedglass/models/tinted_borderless_glass_gray.json	203	c813fa153d3bc67b5d4bf0d63a873d8a69423a2cf243949262a16e619a7ffe2c
model	assets/connectedglass/models/tinted_borderless_glass_green.json	204	93ffba56d7859450353cd69a96e84be63f87409f5e3fe22622d967f43b1eb8e4
model	assets/connectedglass/models/tinted_borderless_glass_light_blue.json	209	70f1ac0fd3929a4750bca775dc72c3f08220a7bed22c423a0c80b925b7a51317
model	assets/connectedglass/models/tinted_borderless_glass_light_gray.json	209	41480a2f4b48c4ad26cb92bfc9cdbdedbb71f65588acfa297d257d175f820058
model	assets/connectedglass/models/tinted_borderless_glass_lime.json	203	c5cfe5704e593742d4d3093d9d53bb15cc9e10dbb2bc7cf79dbaa0ae49db28c5
model	assets/connectedglass/models/tinted_borderless_glass_magenta.json	206	9d65698923ea2bc4caa9e43fd301ce242feba2d8c8f215bf63a0f050ebeda530
model	assets/connectedglass/models/tinted_borderless_glass_orange.json	205	9907d60cb79601a19d834bbe9752447560dafd2efb96b95ae6c92e498a3ba185
model	assets/connectedglass/models/tinted_borderless_glass_pink.json	203	998a1e47a5b6ad4b610803a84b5e843937e065ef5f867d5f42ee0161b2fa0dc8
model	assets/connectedglass/models/tinted_borderless_glass_purple.json	205	1f9f9dc15ccf2b20a003355ff1b387b61b121a34664fcaa86b73c5d64c829216
model	assets/connectedglass/models/tinted_borderless_glass_red.json	202	1ea14063ad3e213e71a5d8b571e68114b1f10458fe68e55f756e3f3f4ddf04e8
model	assets/connectedglass/models/tinted_borderless_glass_white.json	204	b762e5d0f62e6a1095edb84e0c286939180f666225327a3a8a16431c8247badd
model	assets/connectedglass/models/tinted_borderless_glass_yellow.json	205	0762a18d6f9b1a5f8d295d7584370d7e3a747728795beb147d57bcc65e130568
texture	assets/connectedglass/textures/borderless_glass/borderless_glass.png	512	1195a0b284dbe9adbc04aeba6d5932ab8fa3b65c55a5ecbdb443651e3f53eddc
metadata	assets/connectedglass/textures/borderless_glass/borderless_glass.png.mcmeta	75	4f17b6c6cb64a4a7991a4555d421874ecbf52cd95bc1d7bb3d1aad6bd4c7de8d
texture	assets/connectedglass/textures/borderless_glass/borderless_glass_black.png	234	104a8616289aca993bd59bf5acdff16b4d173a3be48d1b41d014166eaf942914
metadata	assets/connectedglass/textures/borderless_glass/borderless_glass_black.png.mcmeta	70	f24cd7e5274eca26c1d9f9429e55733a3f7ca0741cd799e6c6d4d4a526efa863
texture	assets/connectedglass/textures/borderless_glass/borderless_glass_black_edge.png	126	384ee5db791fe0d76ee88c4e879bdec4719928635468926d99685173ce8f0772
texture	assets/connectedglass/textures/borderless_glass/borderless_glass_blue.png	247	cb1f2a366d98c1586ab229a0c9692b18b6d27f4798f5379f48c169d8621f8177
metadata	assets/connectedglass/textures/borderless_glass/borderless_glass_blue.png.mcmeta	70	f24cd7e5274eca26c1d9f9429e55733a3f7ca0741cd799e6c6d4d4a526efa863
texture	assets/connectedglass/textures/borderless_glass/borderless_glass_blue_edge.png	131	a1771da658eade17f8b75b03ece3e854e29b5c47a5a61f356035fa0de9f78f98
texture	assets/connectedglass/textures/borderless_glass/borderless_glass_brown.png	246	e1e326005ab9b70da79df027f68d6172af3bb7210b79b597ce6bd2f6372a4ce4
metadata	assets/connectedglass/textures/borderless_glass/borderless_glass_brown.png.mcmeta	70	f24cd7e5274eca26c1d9f9429e55733a3f7ca0741cd799e6c6d4d4a526efa863
texture	assets/connectedglass/textures/borderless_glass/borderless_glass_brown_edge.png	131	11026c8cea706d971cc70f2ff935ede3bbb2666d0c136c563ace71518fe7798e
texture	assets/connectedglass/textures/borderless_glass/borderless_glass_cyan.png	246	b7db7ec1ec3bef1cb6578505a0be843a2bc92fe649d122ece209d2209d043c40
metadata	assets/connectedglass/textures/borderless_glass/borderless_glass_cyan.png.mcmeta	70	f24cd7e5274eca26c1d9f9429e55733a3f7ca0741cd799e6c6d4d4a526efa863
texture	assets/connectedglass/textures/borderless_glass/borderless_glass_cyan_edge.png	131	b3362ede5f98dd4e7289bb0596face388c2939f23ebf6cd8be5b69af6aeade41
texture	assets/connectedglass/textures/borderless_glass/borderless_glass_edge.png	193	03e9e09b9613f909b545aae83fd1bbc0f98598d56c8a2dc8eec0844048d167de
texture	assets/connectedglass/textures/borderless_glass/borderless_glass_gray.png	243	10a30b9067c520ae2b5ba54727ff42583a3af9a1c5bc789732420cf3cc61a394
metadata	assets/connectedglass/textures/borderless_glass/borderless_glass_gray.png.mcmeta	70	f24cd7e5274eca26c1d9f9429e55733a3f7ca0741cd799e6c6d4d4a526efa863
texture	assets/connectedglass/textures/borderless_glass/borderless_glass_gray_edge.png	131	2fb83f7a2714ead40998e7073b156eedcab3fe9697a9fcac69e6d5b205f232e1
texture	assets/connectedglass/textures/borderless_glass/borderless_glass_green.png	245	d0557d9bdab954dfd112a6d7a6c9641db9ce902ff6af5dc366b46d3c4f34c227
metadata	assets/connectedglass/textures/borderless_glass/borderless_glass_green.png.mcmeta	70	f24cd7e5274eca26c1d9f9429e55733a3f7ca0741cd799e6c6d4d4a526efa863
texture	assets/connectedglass/textures/borderless_glass/borderless_glass_green_edge.png	131	6f3b1d4b1caba7b63d88a13e83ec139b3aede2f2be409e0e02129a90588ab4ee
texture	assets/connectedglass/textures/borderless_glass/borderless_glass_light_blue.png	245	bc33334d275a0cb90d92f922af4cfeab3b99f721d5875495f3bcc4b0cf63dc91
metadata	assets/connectedglass/textures/borderless_glass/borderless_glass_light_blue.png.mcmeta	70	f24cd7e5274eca26c1d9f9429e55733a3f7ca0741cd799e6c6d4d4a526efa863
texture	assets/connectedglass/textures/borderless_glass/borderless_glass_light_blue_edge.png	132	d103f2bed1f730c2b5414fc2b4937d7286cda64309a0f9b68e0fb691f0400db9
texture	assets/connectedglass/textures/borderless_glass/borderless_glass_light_gray.png	233	58bc4a9edf3f66c619051190919514df84b8cbb2cfc74074cd89e345aba97064
metadata	assets/connectedglass/textures/borderless_glass/borderless_glass_light_gray.png.mcmeta	70	f24cd7e5274eca26c1d9f9429e55733a3f7ca0741cd799e6c6d4d4a526efa863
texture	assets/connectedglass/textures/borderless_glass/borderless_glass_light_gray_edge.png	132	e2a435339ad84b941b568e4346f431b02ecb166f64d524185d9c89256edf356e
texture	assets/connectedglass/textures/borderless_glass/borderless_glass_lime.png	247	02fa5b8ca1bf2b7a8b19741f705ee6571cf56442e696abf9d3abf2dc38da4a9b
metadata	assets/connectedglass/textures/borderless_glass/borderless_glass_lime.png.mcmeta	70	f24cd7e5274eca26c1d9f9429e55733a3f7ca0741cd799e6c6d4d4a526efa863
texture	assets/connectedglass/textures/borderless_glass/borderless_glass_lime_edge.png	130	fd4dd483fa5fe4b5b5b61c682fc5a02d21c9a678dceee57b57f4274b6129f2d4
texture	assets/connectedglass/textures/borderless_glass/borderless_glass_magenta.png	246	9d1c1537b48bca28e9c2683215204f225cd911c65e19802bc205ec8dbefaf54e
metadata	assets/connectedglass/textures/borderless_glass/borderless_glass_magenta.png.mcmeta	70	f24cd7e5274eca26c1d9f9429e55733a3f7ca0741cd799e6c6d4d4a526efa863
texture	assets/connectedglass/textures/borderless_glass/borderless_glass_magenta_edge.png	132	be3888bf2e11109ce31ab27a08f0244590f483bb5fcc781baeb5fd2adb4f0533
texture	assets/connectedglass/textures/borderless_glass/borderless_glass_orange.png	247	1e533c3c8758e3a75b45909a06b008062f4882e57491c50790d4c9993ef4c4c7
metadata	assets/connectedglass/textures/borderless_glass/borderless_glass_orange.png.mcmeta	70	f24cd7e5274eca26c1d9f9429e55733a3f7ca0741cd799e6c6d4d4a526efa863
texture	assets/connectedglass/textures/borderless_glass/borderless_glass_orange_edge.png	131	290b8fdb91a61ac0061ba0d302acb0f929eb7c1330ca7c716ebad85330ec0c44
texture	assets/connectedglass/textures/borderless_glass/borderless_glass_pink.png	245	79975c233b6ba67cfb36f21f41e95b40b2d97e9d63b13a9e728ae341864acc97
metadata	assets/connectedglass/textures/borderless_glass/borderless_glass_pink.png.mcmeta	70	f24cd7e5274eca26c1d9f9429e55733a3f7ca0741cd799e6c6d4d4a526efa863
texture	assets/connectedglass/textures/borderless_glass/borderless_glass_pink_edge.png	132	9f741823cba8e9d67f3e09f933915b832a9a3ea988dbdbbb16744f9ef24a9430
texture	assets/connectedglass/textures/borderless_glass/borderless_glass_purple.png	247	dcdb40a32213b84cd5a16c39af078e4e170ec52c51597db97b3c9fec35ab6243
metadata	assets/connectedglass/textures/borderless_glass/borderless_glass_purple.png.mcmeta	70	f24cd7e5274eca26c1d9f9429e55733a3f7ca0741cd799e6c6d4d4a526efa863
texture	assets/connectedglass/textures/borderless_glass/borderless_glass_purple_edge.png	131	09e9d0c6b5a0f61c33083f0d9143cba9c8f859a0c5ea0401c2031b0529a2e06f
texture	assets/connectedglass/textures/borderless_glass/borderless_glass_red.png	488	94ed430279eeac445c9d23d9ee347dd9d947f1b57a1f0cf7e30724f434cf0a38
metadata	assets/connectedglass/textures/borderless_glass/borderless_glass_red.png.mcmeta	75	4f17b6c6cb64a4a7991a4555d421874ecbf52cd95bc1d7bb3d1aad6bd4c7de8d
texture	assets/connectedglass/textures/borderless_glass/borderless_glass_red_edge.png	207	4933fbb32b594390d0023f5c4c4e6c54dd8211f0331e4f91e1286dc093d828d3
texture	assets/connectedglass/textures/borderless_glass/borderless_glass_white.png	233	fa8b2fbfe3256c633915da2526d6398bb6697135650b14153226c6b3567aeeb2
metadata	assets/connectedglass/textures/borderless_glass/borderless_glass_white.png.mcmeta	70	f24cd7e5274eca26c1d9f9429e55733a3f7ca0741cd799e6c6d4d4a526efa863
texture	assets/connectedglass/textures/borderless_glass/borderless_glass_white_edge.png	131	a1915d0580694935f8ced361ee71893015520772347e3e17660a33596aaae3ea
texture	assets/connectedglass/textures/borderless_glass/borderless_glass_yellow.png	245	066010eb614a1243373d6707018f1f4310a6df873ae51c3ca12f6aed404abcc4
metadata	assets/connectedglass/textures/borderless_glass/borderless_glass_yellow.png.mcmeta	70	f24cd7e5274eca26c1d9f9429e55733a3f7ca0741cd799e6c6d4d4a526efa863
texture	assets/connectedglass/textures/borderless_glass/borderless_glass_yellow_edge.png	132	798e24da9ccf88dff329e66317a594353331e81d22fd1b6624eca28cac597ce3
texture	assets/connectedglass/textures/clear_glass/clear_glass.png	481	acd6ee830e1449e74e372223b695a3fb1b6bb26b6f27c5bb7cce8f3d829fd100
metadata	assets/connectedglass/textures/clear_glass/clear_glass.png.mcmeta	75	4f17b6c6cb64a4a7991a4555d421874ecbf52cd95bc1d7bb3d1aad6bd4c7de8d
texture	assets/connectedglass/textures/clear_glass/clear_glass_black.png	154	dfc5bed776beedf6e4df86736d47c5cccd20f7fe528c05b6c980186eeeb652ff
metadata	assets/connectedglass/textures/clear_glass/clear_glass_black.png.mcmeta	70	f24cd7e5274eca26c1d9f9429e55733a3f7ca0741cd799e6c6d4d4a526efa863
texture	assets/connectedglass/textures/clear_glass/clear_glass_black_edge.png	126	384ee5db791fe0d76ee88c4e879bdec4719928635468926d99685173ce8f0772
texture	assets/connectedglass/textures/clear_glass/clear_glass_blue.png	162	acb92bfdda55f1a3eaf1476cbcdcf26e53f3616eed248405a4389230cef23085
metadata	assets/connectedglass/textures/clear_glass/clear_glass_blue.png.mcmeta	70	f24cd7e5274eca26c1d9f9429e55733a3f7ca0741cd799e6c6d4d4a526efa863
texture	assets/connectedglass/textures/clear_glass/clear_glass_blue_edge.png	131	a1771da658eade17f8b75b03ece3e854e29b5c47a5a61f356035fa0de9f78f98
texture	assets/connectedglass/textures/clear_glass/clear_glass_brown.png	162	5bb5be05630fe7905730482ec61bbf7816624ffa77ccaebf205f9aeba25bfd2f
metadata	assets/connectedglass/textures/clear_glass/clear_glass_brown.png.mcmeta	70	f24cd7e5274eca26c1d9f9429e55733a3f7ca0741cd799e6c6d4d4a526efa863
texture	assets/connectedglass/textures/clear_glass/clear_glass_brown_edge.png	131	11026c8cea706d971cc70f2ff935ede3bbb2666d0c136c563ace71518fe7798e
texture	assets/connectedglass/textures/clear_glass/clear_glass_cyan.png	162	08694bedfa18a7a9dd32da624b1f55fb72edbafa9d1d8cdf03fef20b9ff368bf
metadata	assets/connectedglass/textures/clear_glass/clear_glass_cyan.png.mcmeta	70	f24cd7e5274eca26c1d9f9429e55733a3f7ca0741cd799e6c6d4d4a526efa863
texture	assets/connectedglass/textures/clear_glass/clear_glass_cyan_edge.png	131	b3362ede5f98dd4e7289bb0596face388c2939f23ebf6cd8be5b69af6aeade41
texture	assets/connectedglass/textures/clear_glass/clear_glass_edge.png	193	dc8b397adfdf2a4d29954a81257169c747cf2cb68b81f2535ba19464734b1b42
texture	assets/connectedglass/textures/clear_glass/clear_glass_gray.png	159	4772c3ad2d5a7447faaa1c2356aae35e443ef5021d7d0d996f5da8ad4e5c34e7
metadata	assets/connectedglass/textures/clear_glass/clear_glass_gray.png.mcmeta	70	f24cd7e5274eca26c1d9f9429e55733a3f7ca0741cd799e6c6d4d4a526efa863
texture	assets/connectedglass/textures/clear_glass/clear_glass_gray_edge.png	131	2fb83f7a2714ead40998e7073b156eedcab3fe9697a9fcac69e6d5b205f232e1
texture	assets/connectedglass/textures/clear_glass/clear_glass_green.png	161	23388c782028dc5bbba5af10a2a4725f837fcd27bd43b3606eb84f3c370a9a33
metadata	assets/connectedglass/textures/clear_glass/clear_glass_green.png.mcmeta	70	f24cd7e5274eca26c1d9f9429e55733a3f7ca0741cd799e6c6d4d4a526efa863
texture	assets/connectedglass/textures/clear_glass/clear_glass_green_edge.png	131	6f3b1d4b1caba7b63d88a13e83ec139b3aede2f2be409e0e02129a90588ab4ee
texture	assets/connectedglass/textures/clear_glass/clear_glass_light_blue.png	160	ae8272e8fa81f9f51fbbbac05d2e2902b2892d401a26651ebf335f151df2d5a8
metadata	assets/connectedglass/textures/clear_glass/clear_glass_light_blue.png.mcmeta	70	f24cd7e5274eca26c1d9f9429e55733a3f7ca0741cd799e6c6d4d4a526efa863
texture	assets/connectedglass/textures/clear_glass/clear_glass_light_blue_edge.png	132	d103f2bed1f730c2b5414fc2b4937d7286cda64309a0f9b68e0fb691f0400db9
texture	assets/connectedglass/textures/clear_glass/clear_glass_light_gray.png	153	d01b43ce9746ecd7da8c195f481b99826639b7a09fc4262328e5513c7a759ff8
metadata	assets/connectedglass/textures/clear_glass/clear_glass_light_gray.png.mcmeta	70	f24cd7e5274eca26c1d9f9429e55733a3f7ca0741cd799e6c6d4d4a526efa863
texture	assets/connectedglass/textures/clear_glass/clear_glass_light_gray_edge.png	132	e2a435339ad84b941b568e4346f431b02ecb166f64d524185d9c89256edf356e
texture	assets/connectedglass/textures/clear_glass/clear_glass_lime.png	163	f98804765bf551dd22736f8c7be0509b3bbdfcc29963c7a62aea3c9aff011e6c
metadata	assets/connectedglass/textures/clear_glass/clear_glass_lime.png.mcmeta	70	f24cd7e5274eca26c1d9f9429e55733a3f7ca0741cd799e6c6d4d4a526efa863
texture	assets/connectedglass/textures/clear_glass/clear_glass_lime_edge.png	130	fd4dd483fa5fe4b5b5b61c682fc5a02d21c9a678dceee57b57f4274b6129f2d4
texture	assets/connectedglass/textures/clear_glass/clear_glass_magenta.png	164	901b2e6b2b5de2fdd6ab75047f91e464a5d5b8fdafe0cd9e15aeb49d1a34a3cf
metadata	assets/connectedglass/textures/clear_glass/clear_glass_magenta.png.mcmeta	70	f24cd7e5274eca26c1d9f9429e55733a3f7ca0741cd799e6c6d4d4a526efa863
texture	assets/connectedglass/textures/clear_glass/clear_glass_magenta_edge.png	132	be3888bf2e11109ce31ab27a08f0244590f483bb5fcc781baeb5fd2adb4f0533
texture	assets/connectedglass/textures/clear_glass/clear_glass_orange.png	163	98a44d19f116f9e7341b7381089974c6d3c0692eae8421598acfe183ad66d6a0
metadata	assets/connectedglass/textures/clear_glass/clear_glass_orange.png.mcmeta	70	f24cd7e5274eca26c1d9f9429e55733a3f7ca0741cd799e6c6d4d4a526efa863
texture	assets/connectedglass/textures/clear_glass/clear_glass_orange_edge.png	131	290b8fdb91a61ac0061ba0d302acb0f929eb7c1330ca7c716ebad85330ec0c44
texture	assets/connectedglass/textures/clear_glass/clear_glass_pink.png	162	d65906e72904a4cb36889163cad856273c7589219df23ad541fdb5a3e12e8f59
metadata	assets/connectedglass/textures/clear_glass/clear_glass_pink.png.mcmeta	70	f24cd7e5274eca26c1d9f9429e55733a3f7ca0741cd799e6c6d4d4a526efa863
texture	assets/connectedglass/textures/clear_glass/clear_glass_pink_edge.png	132	9f741823cba8e9d67f3e09f933915b832a9a3ea988dbdbbb16744f9ef24a9430
texture	assets/connectedglass/textures/clear_glass/clear_glass_purple.png	161	753f56c2545d7312eab400a4df94c45744848fa02fec4297cb1dcaae5df1fe3f
metadata	assets/connectedglass/textures/clear_glass/clear_glass_purple.png.mcmeta	70	f24cd7e5274eca26c1d9f9429e55733a3f7ca0741cd799e6c6d4d4a526efa863
texture	assets/connectedglass/textures/clear_glass/clear_glass_purple_edge.png	131	09e9d0c6b5a0f61c33083f0d9143cba9c8f859a0c5ea0401c2031b0529a2e06f
texture	assets/connectedglass/textures/clear_glass/clear_glass_red.png	443	a5e546935665716482b3389457599bf092fbcdb0f13b58de3ef2e34fd2704dbb
metadata	assets/connectedglass/textures/clear_glass/clear_glass_red.png.mcmeta	75	4f17b6c6cb64a4a7991a4555d421874ecbf52cd95bc1d7bb3d1aad6bd4c7de8d
texture	assets/connectedglass/textures/clear_glass/clear_glass_red_edge.png	207	22e751ac77874a5951580def9077cd0cfd6b0b6a01d60161c16f7138c520092e
texture	assets/connectedglass/textures/clear_glass/clear_glass_white.png	153	3472e89c4faf54bb2558ac90b9e437e73c76f86ae8f3e0ee322913282c0a7866
metadata	assets/connectedglass/textures/clear_glass/clear_glass_white.png.mcmeta	70	f24cd7e5274eca26c1d9f9429e55733a3f7ca0741cd799e6c6d4d4a526efa863
texture	assets/connectedglass/textures/clear_glass/clear_glass_white_edge.png	131	a1915d0580694935f8ced361ee71893015520772347e3e17660a33596aaae3ea
texture	assets/connectedglass/textures/clear_glass/clear_glass_yellow.png	161	27c089d5db6a3615092be074a4e13c59c0f335cf0d2d1606d17f7a86a8eab9f4
metadata	assets/connectedglass/textures/clear_glass/clear_glass_yellow.png.mcmeta	70	f24cd7e5274eca26c1d9f9429e55733a3f7ca0741cd799e6c6d4d4a526efa863
texture	assets/connectedglass/textures/clear_glass/clear_glass_yellow_edge.png	132	798e24da9ccf88dff329e66317a594353331e81d22fd1b6624eca28cac597ce3
texture	assets/connectedglass/textures/scratched_glass/scratched_glass.png	550	cf60b86e87cec500f625cfcc43ca84cb3496b0175232d0a999aece1434634dc6
metadata	assets/connectedglass/textures/scratched_glass/scratched_glass.png.mcmeta	75	4f17b6c6cb64a4a7991a4555d421874ecbf52cd95bc1d7bb3d1aad6bd4c7de8d
texture	assets/connectedglass/textures/scratched_glass/scratched_glass_black.png	443	f34f16178cc8fe87e66611e713c22457dd53e4a566275e358af57ab2ce985ec5
metadata	assets/connectedglass/textures/scratched_glass/scratched_glass_black.png.mcmeta	70	f24cd7e5274eca26c1d9f9429e55733a3f7ca0741cd799e6c6d4d4a526efa863
texture	assets/connectedglass/textures/scratched_glass/scratched_glass_black_edge.png	126	384ee5db791fe0d76ee88c4e879bdec4719928635468926d99685173ce8f0772
texture	assets/connectedglass/textures/scratched_glass/scratched_glass_blue.png	458	a6cbbbb18ce9b667ad0f5894101b1b8d9b82b1fd15e4b00e4192a3b78487f8b5
metadata	assets/connectedglass/textures/scratched_glass/scratched_glass_blue.png.mcmeta	70	f24cd7e5274eca26c1d9f9429e55733a3f7ca0741cd799e6c6d4d4a526efa863
texture	assets/connectedglass/textures/scratched_glass/scratched_glass_blue_edge.png	131	a1771da658eade17f8b75b03ece3e854e29b5c47a5a61f356035fa0de9f78f98
texture	assets/connectedglass/textures/scratched_glass/scratched_glass_brown.png	457	1e7d24c9314e2d7c1bff7307c724471c8c3443e031aadb0bfcf96e2da879a109
metadata	assets/connectedglass/textures/scratched_glass/scratched_glass_brown.png.mcmeta	70	f24cd7e5274eca26c1d9f9429e55733a3f7ca0741cd799e6c6d4d4a526efa863
texture	assets/connectedglass/textures/scratched_glass/scratched_glass_brown_edge.png	131	11026c8cea706d971cc70f2ff935ede3bbb2666d0c136c563ace71518fe7798e
texture	assets/connectedglass/textures/scratched_glass/scratched_glass_cyan.png	451	d097aa7dcd96efd6911610680d0e785b19d0677522cdc0b20768e6431f2d9ff1
metadata	assets/connectedglass/textures/scratched_glass/scratched_glass_cyan.png.mcmeta	70	f24cd7e5274eca26c1d9f9429e55733a3f7ca0741cd799e6c6d4d4a526efa863
texture	assets/connectedglass/textures/scratched_glass/scratched_glass_cyan_edge.png	131	b3362ede5f98dd4e7289bb0596face388c2939f23ebf6cd8be5b69af6aeade41
texture	assets/connectedglass/textures/scratched_glass/scratched_glass_edge.png	193	03e9e09b9613f909b545aae83fd1bbc0f98598d56c8a2dc8eec0844048d167de
texture	assets/connectedglass/textures/scratched_glass/scratched_glass_gray.png	440	8ed25b8b851d515657aa1544de504b1c813ac047502f88a93e39fcfe417bf8e8
metadata	assets/connectedglass/textures/scratched_glass/scratched_glass_gray.png.mcmeta	70	f24cd7e5274eca26c1d9f9429e55733a3f7ca0741cd799e6c6d4d4a526efa863
texture	assets/connectedglass/textures/scratched_glass/scratched_glass_gray_edge.png	131	2fb83f7a2714ead40998e7073b156eedcab3fe9697a9fcac69e6d5b205f232e1
texture	assets/connectedglass/textures/scratched_glass/scratched_glass_green.png	455	177f7af491c1a77cfcbc93881e8b19c6fedb4c71932db8a90dbc45f4f5241374
metadata	assets/connectedglass/textures/scratched_glass/scratched_glass_green.png.mcmeta	70	f24cd7e5274eca26c1d9f9429e55733a3f7ca0741cd799e6c6d4d4a526efa863
texture	assets/connectedglass/textures/scratched_glass/scratched_glass_green_edge.png	131	6f3b1d4b1caba7b63d88a13e83ec139b3aede2f2be409e0e02129a90588ab4ee
texture	assets/connectedglass/textures/scratched_glass/scratched_glass_light_blue.png	457	241e4832bee09eea6ceb5d71ed8daef5d9698632b18e6e78cdae2cbb464ebf06
metadata	assets/connectedglass/textures/scratched_glass/scratched_glass_light_blue.png.mcmeta	70	f24cd7e5274eca26c1d9f9429e55733a3f7ca0741cd799e6c6d4d4a526efa863
texture	assets/connectedglass/textures/scratched_glass/scratched_glass_light_blue_edge.png	132	d103f2bed1f730c2b5414fc2b4937d7286cda64309a0f9b68e0fb691f0400db9
texture	assets/connectedglass/textures/scratched_glass/scratched_glass_light_gray.png	447	8b7b98fcae81c7573ec7af9104ec32cb34634c9dac92e4f3e4f20f0775c382d4
metadata	assets/connectedglass/textures/scratched_glass/scratched_glass_light_gray.png.mcmeta	70	f24cd7e5274eca26c1d9f9429e55733a3f7ca0741cd799e6c6d4d4a526efa863
texture	assets/connectedglass/textures/scratched_glass/scratched_glass_light_gray_edge.png	132	e2a435339ad84b941b568e4346f431b02ecb166f64d524185d9c89256edf356e
texture	assets/connectedglass/textures/scratched_glass/scratched_glass_lime.png	454	d6047ac2e32801f402298d91fb01af5ba585dec86735ade7deec58f1af3d8283
metadata	assets/connectedglass/textures/scratched_glass/scratched_glass_lime.png.mcmeta	70	f24cd7e5274eca26c1d9f9429e55733a3f7ca0741cd799e6c6d4d4a526efa863
texture	assets/connectedglass/textures/scratched_glass/scratched_glass_lime_edge.png	130	fd4dd483fa5fe4b5b5b61c682fc5a02d21c9a678dceee57b57f4274b6129f2d4
texture	assets/connectedglass/textures/scratched_glass/scratched_glass_magenta.png	457	0e3edef0fde74dae0a6dfbe23a107c51e70d6bcee3593d2755a4a648f2a9c778
metadata	assets/connectedglass/textures/scratched_glass/scratched_glass_magenta.png.mcmeta	70	f24cd7e5274eca26c1d9f9429e55733a3f7ca0741cd799e6c6d4d4a526efa863
texture	assets/connectedglass/textures/scratched_glass/scratched_glass_magenta_edge.png	132	be3888bf2e11109ce31ab27a08f0244590f483bb5fcc781baeb5fd2adb4f0533
texture	assets/connectedglass/textures/scratched_glass/scratched_glass_orange.png	452	0d5714b1882cf65551b5a880f122b78e981a8bdf937fb7737fe9543be925fe0d
metadata	assets/connectedglass/textures/scratched_glass/scratched_glass_orange.png.mcmeta	70	f24cd7e5274eca26c1d9f9429e55733a3f7ca0741cd799e6c6d4d4a526efa863
texture	assets/connectedglass/textures/scratched_glass/scratched_glass_orange_edge.png	131	290b8fdb91a61ac0061ba0d302acb0f929eb7c1330ca7c716ebad85330ec0c44
texture	assets/connectedglass/textures/scratched_glass/scratched_glass_pink.png	461	4e1500828c75afbee1b299ea38ec7e7cad4bf4ce0a0eb1227b169f7ad4289ec6
metadata	assets/connectedglass/textures/scratched_glass/scratched_glass_pink.png.mcmeta	70	f24cd7e5274eca26c1d9f9429e55733a3f7ca0741cd799e6c6d4d4a526efa863
texture	assets/connectedglass/textures/scratched_glass/scratched_glass_pink_edge.png	132	9f741823cba8e9d67f3e09f933915b832a9a3ea988dbdbbb16744f9ef24a9430
texture	assets/connectedglass/textures/scratched_glass/scratched_glass_purple.png	469	c792aa253394e81b3b18da0b5160480de08008f78ccd74f4973136b8cc75ea80
metadata	assets/connectedglass/textures/scratched_glass/scratched_glass_purple.png.mcmeta	70	f24cd7e5274eca26c1d9f9429e55733a3f7ca0741cd799e6c6d4d4a526efa863
texture	assets/connectedglass/textures/scratched_glass/scratched_glass_purple_edge.png	131	09e9d0c6b5a0f61c33083f0d9143cba9c8f859a0c5ea0401c2031b0529a2e06f
texture	assets/connectedglass/textures/scratched_glass/scratched_glass_red.png	658	ad876f39421aff054757744d267db364d2b431c196cf0c9f92fdaedf9c19b110
metadata	assets/connectedglass/textures/scratched_glass/scratched_glass_red.png.mcmeta	75	4f17b6c6cb64a4a7991a4555d421874ecbf52cd95bc1d7bb3d1aad6bd4c7de8d
texture	assets/connectedglass/textures/scratched_glass/scratched_glass_red_edge.png	207	22e751ac77874a5951580def9077cd0cfd6b0b6a01d60161c16f7138c520092e
texture	assets/connectedglass/textures/scratched_glass/scratched_glass_white.png	434	1d72274bfa30c0d015a0eaea10876e780a264f6d30ff9e7981a3a19816312128
metadata	assets/connectedglass/textures/scratched_glass/scratched_glass_white.png.mcmeta	70	f24cd7e5274eca26c1d9f9429e55733a3f7ca0741cd799e6c6d4d4a526efa863
texture	assets/connectedglass/textures/scratched_glass/scratched_glass_white_edge.png	131	a1915d0580694935f8ced361ee71893015520772347e3e17660a33596aaae3ea
texture	assets/connectedglass/textures/scratched_glass/scratched_glass_yellow.png	456	52e3353bd3118d89c8e414017b6a43a5e52e20d97e1bfad612f41b1b2444285d
metadata	assets/connectedglass/textures/scratched_glass/scratched_glass_yellow.png.mcmeta	70	f24cd7e5274eca26c1d9f9429e55733a3f7ca0741cd799e6c6d4d4a526efa863
texture	assets/connectedglass/textures/scratched_glass/scratched_glass_yellow_edge.png	132	798e24da9ccf88dff329e66317a594353331e81d22fd1b6624eca28cac597ce3
texture	assets/connectedglass/textures/tinted_borderless_glass/tinted_borderless_glass.png	723	575c74a8ed99b8faaf56fc947d3fa0ff6ebd0912f80fa99b3b666c67ec4915ce
metadata	assets/connectedglass/textures/tinted_borderless_glass/tinted_borderless_glass.png.mcmeta	75	4f17b6c6cb64a4a7991a4555d421874ecbf52cd95bc1d7bb3d1aad6bd4c7de8d
texture	assets/connectedglass/textures/tinted_borderless_glass/tinted_borderless_glass_black.png	394	e7f66b0496c40b82de368615c0e6b84962994a750a65901e32c02faf638baa13
metadata	assets/connectedglass/textures/tinted_borderless_glass/tinted_borderless_glass_black.png.mcmeta	70	f24cd7e5274eca26c1d9f9429e55733a3f7ca0741cd799e6c6d4d4a526efa863
texture	assets/connectedglass/textures/tinted_borderless_glass/tinted_borderless_glass_blue.png	403	004cbbe11c48fb9a4055aa6069aa61bf20a799be15ae21fd907db469c58d0d10
metadata	assets/connectedglass/textures/tinted_borderless_glass/tinted_borderless_glass_blue.png.mcmeta	70	f24cd7e5274eca26c1d9f9429e55733a3f7ca0741cd799e6c6d4d4a526efa863
texture	assets/connectedglass/textures/tinted_borderless_glass/tinted_borderless_glass_brown.png	401	d9bf0312296534c3095b04a8f12cd21adbe82e2489352cb04805c31b8245fd6e
metadata	assets/connectedglass/textures/tinted_borderless_glass/tinted_borderless_glass_brown.png.mcmeta	70	f24cd7e5274eca26c1d9f9429e55733a3f7ca0741cd799e6c6d4d4a526efa863
texture	assets/connectedglass/textures/tinted_borderless_glass/tinted_borderless_glass_cyan.png	403	7aeef2d136e55aeb0b88be0d1b6173ad76ae796adda6433c84eaa76e3331bdcf
metadata	assets/connectedglass/textures/tinted_borderless_glass/tinted_borderless_glass_cyan.png.mcmeta	70	f24cd7e5274eca26c1d9f9429e55733a3f7ca0741cd799e6c6d4d4a526efa863
texture	assets/connectedglass/textures/tinted_borderless_glass/tinted_borderless_glass_gray.png	387	832579e4eaeac6620844cc705b28f66b7434cd022319ca106f847856d849b9a0
metadata	assets/connectedglass/textures/tinted_borderless_glass/tinted_borderless_glass_gray.png.mcmeta	70	f24cd7e5274eca26c1d9f9429e55733a3f7ca0741cd799e6c6d4d4a526efa863
texture	assets/connectedglass/textures/tinted_borderless_glass/tinted_borderless_glass_green.png	403	12ce5af08b0ec4a88555f2a359f15d616de15539288cddc3caedd0959b717f18
metadata	assets/connectedglass/textures/tinted_borderless_glass/tinted_borderless_glass_green.png.mcmeta	70	f24cd7e5274eca26c1d9f9429e55733a3f7ca0741cd799e6c6d4d4a526efa863
texture	assets/connectedglass/textures/tinted_borderless_glass/tinted_borderless_glass_light_blue.png	398	9c49134d06e07e843e6521b6675deb71be12a3245739e96727cf24ec8506af5f
metadata	assets/connectedglass/textures/tinted_borderless_glass/tinted_borderless_glass_light_blue.png.mcmeta	70	f24cd7e5274eca26c1d9f9429e55733a3f7ca0741cd799e6c6d4d4a526efa863
texture	assets/connectedglass/textures/tinted_borderless_glass/tinted_borderless_glass_light_gray.png	387	c4f0e3e25e63d4b2c4ade666d1c8fc49419e3f16f7a3ad9d905f14ae20d58fb4
metadata	assets/connectedglass/textures/tinted_borderless_glass/tinted_borderless_glass_light_gray.png.mcmeta	70	f24cd7e5274eca26c1d9f9429e55733a3f7ca0741cd799e6c6d4d4a526efa863
texture	assets/connectedglass/textures/tinted_borderless_glass/tinted_borderless_glass_lime.png	403	eeec20b7f711f3fab3c7c4b94cf9b815fce289ffaea29d225fd57549c2e08dcb
metadata	assets/connectedglass/textures/tinted_borderless_glass/tinted_borderless_glass_lime.png.mcmeta	70	f24cd7e5274eca26c1d9f9429e55733a3f7ca0741cd799e6c6d4d4a526efa863
texture	assets/connectedglass/textures/tinted_borderless_glass/tinted_borderless_glass_magenta.png	398	2319578c35282cdab873099bc8e940006eeecc081cfe98ded9c84050499fc2cc
metadata	assets/connectedglass/textures/tinted_borderless_glass/tinted_borderless_glass_magenta.png.mcmeta	70	f24cd7e5274eca26c1d9f9429e55733a3f7ca0741cd799e6c6d4d4a526efa863
texture	assets/connectedglass/textures/tinted_borderless_glass/tinted_borderless_glass_orange.png	402	db132b4d9f951652692564d8a30f55380254b6ad3e73ca86d46e107e23d78fad
metadata	assets/connectedglass/textures/tinted_borderless_glass/tinted_borderless_glass_orange.png.mcmeta	70	f24cd7e5274eca26c1d9f9429e55733a3f7ca0741cd799e6c6d4d4a526efa863
texture	assets/connectedglass/textures/tinted_borderless_glass/tinted_borderless_glass_pink.png	403	41f3d1481401f50175e43495a012f5c8cff9d110ce0aa24e6b4bfe848ef3a111
metadata	assets/connectedglass/textures/tinted_borderless_glass/tinted_borderless_glass_pink.png.mcmeta	70	f24cd7e5274eca26c1d9f9429e55733a3f7ca0741cd799e6c6d4d4a526efa863
texture	assets/connectedglass/textures/tinted_borderless_glass/tinted_borderless_glass_purple.png	401	916919671ff794fca9ecc5ea82e8e8fe6678ea03dbfaaa045b403db6c21d8c13
metadata	assets/connectedglass/textures/tinted_borderless_glass/tinted_borderless_glass_purple.png.mcmeta	70	f24cd7e5274eca26c1d9f9429e55733a3f7ca0741cd799e6c6d4d4a526efa863
texture	assets/connectedglass/textures/tinted_borderless_glass/tinted_borderless_glass_red.png	729	8321e580109ffa2c019abd861ab2e99fcf9ba5066fd4111148dc57d897635aa7
metadata	assets/connectedglass/textures/tinted_borderless_glass/tinted_borderless_glass_red.png.mcmeta	75	4f17b6c6cb64a4a7991a4555d421874ecbf52cd95bc1d7bb3d1aad6bd4c7de8d
texture	assets/connectedglass/textures/tinted_borderless_glass/tinted_borderless_glass_white.png	387	eeeb5201d6cbbad7b81ad091c759f3964c85f8d429c9c844311d84fc9c4b5b35
metadata	assets/connectedglass/textures/tinted_borderless_glass/tinted_borderless_glass_white.png.mcmeta	70	f24cd7e5274eca26c1d9f9429e55733a3f7ca0741cd799e6c6d4d4a526efa863
texture	assets/connectedglass/textures/tinted_borderless_glass/tinted_borderless_glass_yellow.png	398	8f66307f3981f21b6e91ad51e745c9b45499896edf156994d515cad4296cd382
metadata	assets/connectedglass/textures/tinted_borderless_glass/tinted_borderless_glass_yellow.png.mcmeta	70	f24cd7e5274eca26c1d9f9429e55733a3f7ca0741cd799e6c6d4d4a526efa863
